Title,Length of video,Channel Name,Channel URL,Channel Total Subscribers,View count,Like count,Comment count,Comment Word Frequency,Thumbnail URL,Category,Tags,Published at,Description,Thumbnail dominant colors (hex values),Mood,Pattern Symmetry,Title Character Count,Title Number of emojis,Title Percentage of emojis,Title UpperCase Count,Title Number of Capitalized words
"KAROL G, Romeo Santos - X SI VOLVEMOS (Visualizer)",PT3M24S,KarolGVEVO,https://www.youtube.com/channel/UCz9yS18zJGQObwUL_K-ICnw,3720000,3154029,361245,22019,"{'Vamoâ€™': 1, 'ğŸŒ¸ğŸŒ¸ğŸ’–ğŸ’–ğŸ€Vamos': 1, 'seguir': 1, '5M': 1, 'horas,': 1, 'Juntos': 1, 'podemosâ¤ï¸Vamos': 1, 'gente': 1, 'locos,': 1, 'sigan': 1, 'todas': 1, 'las': 1, 'plataformas': 1, 'digitales,': 1, 'darle': 1, 'nuestro': 1, 'apoyo': 1, '.Vamos': 1, 'chic@s': 1, 'sigamos': 1, 'reproduciendoğŸ¤—ğŸ¤—ğŸ¤—â¤Tendencias': 1, 'ğŸŒºğŸŒºğŸŒºğŸŒºğŸŒº': 1, 'ğŸ’•KAROL': 1, 'G..': 1, 'algÃºn': 1, 'dÃ­a': 1, 'grabarÃ©': 1, 'contigo,': 1, 'ese': 1, 'sueÃ±o..': 1, 'voy': 1, 'luchar': 1, 'esforzarme': 1, 'mÃ¡ximo..': 1, 'poder': 1, 'cumplirlo..!!Ya': 1, 'somo': 1, '3': 1, 'fue': 1, 'placer': 1, 'Contribuir': 1, 'ustedes.': 1, '4': 1, 'PIQUEnle': 1, 'mÃ¡s.Delen': 1, 'esto': 1, 'debe': 1, 'estar': 1, 'repeat': 1, 'sino': 1, 'nÃºmero': 1, 'ğŸ¤©ğŸ¥µğŸ”¥ğŸ”¥': 1, 'nose': 1, 'podÃ­a': 1, 'esperar': 1, 'dos': 1, 'grandes': 1, 'artistas': 1, 'ustedes': 1, 'ğŸ”¥Lo': 1, 'malo': 1, 'se': 1, 'termine': 1, '.<br>EstÃ¡': 1, 'durÃ­simas': 1, 'sola': 1, '....MaÃ±ana': 1, 'Muuuy': 1, 'BonitoğŸ”¥ğŸ”¥ğŸ”¥Que': 1, 'bonita': 1, 'ğŸ¥°,': 1, 'joya': 1, 'ğŸ’...': 1, 'Â¿Quien': 1, 'escuchandola': 1, 'MÃ©xico': 1, 'ğŸ‡²ğŸ‡½?#3': 1, 'ğŸ‡ºğŸ‡¸': 1, 'aqui': 1, 'reproduciÃ©ndola': 1, 'llegue': 1, 'â¤ï¸ğŸ”¥Desde': 1, 'despertÃ©': 1, 'paro': 1, 'volvemos': 1, '!!gracias': 1, 'karol': 1, 'himno.': 1, 'ğŸ¤—ğŸ‡¦ğŸ‡·#2': 1, 'ğŸ‡©ğŸ‡´': 1, '2.2': 1, 'M': 1, 'vista': 1, 'sÃ³lo': 1, '16': 1, 'ğŸ“ŒğŸ”¥ğŸ”¥ğŸ”¥Esa': 1, 'sensaciÃ³n': 1, 'disfrutar': 1, 'colaboraciÃ³n': 1, 'esperÃ¡bamos': 1, 'tiempo.': 1, 'Gracias': 1, 'Romeo': 1, 'â¤ğŸ”¥#1': 1, 'ğŸ‡»ğŸ‡ªğŸ‡»ğŸ‡ª': 1, 'ğŸ¤©Siempre': 1, 'lloro': 1, 'cuando': 1, 'sacas': 1, 'nueva': 1, 'canciÃ³n!': 1, 'hacer': 1, 'sentir': 1, 'fuegoâ™¥Absolutamente': 1, 'combinacion': 1, 'perfecta': 1, 'belleza': 1, 'talentos,maravillosa': 1, 'hermosa': 1, 'cancion': 1, 'obra': 1, 'maestra,': 1, 'estos': 1, 'chicos': 1, 'âœŒï¸ğŸ”â¤ï¸Nunca': 1, 'decepcionas': 1, 'eres': 1, 'â™¥ï¸ğŸ‡¨ğŸ‡´': 1, 'numero': 1, 'colombia': 1, 'llego': 1, 'hora': 1, 'teem': 1, 'ha': 1, 'demosle': 1, 'reproducciones': 1, 'ğŸ‘ğŸ‘Cuantos': 1, 'apoyaran': 1, 'siempre??': 1, 'ğŸ‘‡âœ¨ğŸ™‹#3': 1, 'PerÃº': 1, 'ğŸ‡µğŸ‡ª': 1, 'href=""http://www.youtube.com/results?search_query=%23vamo"">#vamo</a>&#39;': 1, 'Ãºltimas': 1, 'vezEs': 1, 'super': 1, 'llega': 1, 'corazÃ³n': 1, 'recordar': 1, 'esos': 1, 'momentos': 1, 'magicosâ¤ï¸â¤ï¸â¤ï¸Sigamos': 1, 'mucho': 1, 'muchoğŸ’•ğŸ’•': 1, 'parq': 1, 'baje': 1, 'mes': 1, 'ğŸ˜¬Tendencia': 1, '#3': 1, 'Paraguay': 1, 'â¤ï¸Dato': 1, 'Verdadero:': 1, 'decepciona,': 1, 'amamos': 1, 'promete': 1, 'nada': 1, 'pero': 1, 'cumple': 1, 'todo,': 1, 'muy': 1, 'orgullosa': 1, 'nuestra': 1, 'REINARomeo': 1, 'santos': 1, 'vuelve': 1, 'demostrar': 1, 'industria': 1, 'musical,': 1, 'The': 1, 'king': 1, 'bachata,': 1, 'bueno': 1, 'gÃ©nerosVamos': 1, 'ya': 1, 'falta': 1, 'poco': 1, 'â¤â¤â¤Para': 1, 'despertamos': 1, 'trending': 1, 'yo': 1, 'toda': 1, 'noche': 1, 'tocare': 1, 'ğŸ˜‚ğŸ˜‚Casi': 1, '3.1M': 1, 'dia': 1, 'audio': 1, 'naaa': 1, 'locura': 1, 'mujer': 1, 'pega': 1, 'audios': 1, 'ğŸ”¥ğŸ”¥ğŸ”¥ğŸ”¥ğŸ”¥': 1, 'demuestra': 1, 'ser': 1, 'dura': 1, 'ğŸ”¥ğŸ”¥ğŸ”¥ğŸ’–ğŸ’–ğŸ’–Sin': 1, 'duda': 1, 'otro': 1, 'Ã©xito': 1, 'reina': 1, '<b>KAROL': 1, 'G</b>': 1, 'Apoyemos': 1, 'href=""http://www.youtube.com/results?search_query=%23spotify"">#Spotify</a>': 1, 'tener': 1, 'buen': 1, 'debut': 1, 'ğŸ”¥En': 1, 'muchas': 1, 'ocasiones': 1, 'gusta': 1, 'vez.': 1, 'Pero': 1, 'cambiÃ³,': 1, 'gusto': 1, 'ğŸ”¥3': 1, '19': 1, 'horas<br>Fue': 1, 'honor': 1, 'haber': 1, 'contribuido': 1, 'ustedesğŸ”¥Musica': 1, 'Top.': 1, 'saudades.': 1, 'Bora': 1, 'bora': 1, 'subir': 1, 'essa': 1, 'musica': 1, 'Spotify.hay': 1, 'aunque': 1, 'sea': 1, 'dejen': 1, 'quede': 1, 'flop`<i>No': 1, 'tengo': 1, 'quien': 1, 'dedicarsela!': 1, 'dedico': 1, 'tÃ­': 1, 'lees': 1, 'comentario': 1, 'â¤ï¸</i>Belleza': 1, 'cancion,': 1, 'sensual': 1, 'bailarla': 1, 'apretaditos.': 1, 'Felicidades': 1, 'te': 1, 'damos': 1, 'LOS': 1, 'SIEMPRE': 1, 'REINA': 1, 'defraudarnos': 1, 'nunca.La': 1, 'momento': 1, 'aprenderme': 1, 'letra': 1, 'pedirle': 1, 'dj': 1, 'ponga': 1, 'cantarla': 1, 'pulmÃ³n': 1, 'ğŸ˜ğŸ˜…ğŸ¤“Ya': 1, 'somos': 1, '2M': 1, 'ay': 1, '4M': 1, 'reproduscan': 1, 'valerloVamos': 1, 'href=""about:invalid#zCSafez""></a>': 1, 'Los': 1, 'â¤â¤ğŸ’™ğŸ’™VAMOS': 1, 'A': 1, 'PONERLA': 1, 'HORASğŸ‡ªğŸ‡¨ğŸ‡ªğŸ‡¨ğŸ‡ªğŸ‡¨#3': 1, 'ğŸ‰ğŸ‰': 1, 'bebe': 1, 'â¤ï¸â¤ï¸ğŸ™ğŸ¼Sigamo': 1, 'arribaESPERÃ“': 1, 'ANSIAS': 1, 'LOCAS': 1, 'EL': 1, 'VÃDEO': 1, 'ROMEO': 1, 'Y': 1, 'KAROLG': 1, 'PARA': 1, 'QUE': 1, 'ROMPAN': 1, 'LAS': 1, 'REDES': 1, 'ğŸ”¥ğŸ”¥ğŸ”¥ğŸ”¥#1': 1, 'ColombiağŸ‡¨ğŸ‡´â¤ï¸â¤ï¸â¤ï¸â¤ï¸PONGAMOSLA': 1, 'HORASğŸ‡ªğŸ‡¨ğŸ‡ªğŸ‡¨#3': 1, 'ğŸ¤©ğŸ‡»ğŸ‡ª#2': 1, 'USAğŸ‰': 1, 'VAMOS': 1, 'KAROL!!!!â¤Es': 1, 'buena': 1, 'canciÃ³n,': 1, 'entiendo': 1, 'quÃ©': 1, 'poquitos': 1, 'viems.': 1, 'Yo': 1, 'e': 1, 'escuchado': 1, 'veces.Nunca': 1, 'fallas,': 1, 'anterior.': 1, 'quedÃ³': 1, 'brutal': 1, 'ğŸ˜': 1, 'Vamos': 2, 'mi': 2, 'temazo': 2, 'ponerla': 2, 'nivel': 2, 'uno': 2, 'bebÃ©': 2, 'gran': 2, 'todos': 2, 'mÃ¡s': 2, 'solo': 2, 'demasiado': 2, 'talento': 2, 'sera': 2, 'desde': 2, 'USA': 2, 'hasta': 2, 'x': 2, 'horas': 2, 'hace': 2, 'verdadera': 2, 'nos': 2, 'G': 2, 'lo': 2, 'nunca': 2, 'porque': 2, 'estoy': 2, 'maÃ±ana': 2, 'eso': 2, 'todo': 2, 'escucharla': 2, 'primera': 2, '5': 2, 'Te': 2, 'tan': 2, '30': 2, 'minutos': 2, 'TENDENCIA': 2, 'MENOS': 2, 'CON': 2, 'Ãºltima': 3, 'vez': 3, 'llegar': 3, 'siempre': 3, 'mundial': 3, 'Venezuela': 3, 'menos': 3, 'si': 3, 'mejor': 3, 'bichota': 3, '<a': 3, 'me': 3, 'DE': 3, 'cada': 3, 'hacerlo': 4, 'los': 4, '24': 4, 'reproducir': 4, 'como': 4, 'Karol': 4, 'un': 4, 'el': 4, 'EN': 4, 'reproduciendo': 5, 'vamos': 5, 'este': 5, '#1': 5, 'al': 5, 'millones': 5, 'con': 5, 'esta': 5, 'canciÃ³n': 5, '1': 5, 'tendencia': 6, 'para': 7, 'es': 7, 'una': 8, 'y': 9, 'no': 10, 'por': 13, 'de': 15, 'la': 15, 'que': 16, 'a': 23, 'en': 28}",https://i.ytimg.com/vi/VOucMiGOBqg/default.jpg,Music,"['karol', 'romeo santos', 'si volvemos', 'manana sera bonito', 'maÃ±ana serÃ¡ bonito', 'karol si volvemos', 'si volvemos karol', 'si volvemos romeo santos', 'romeo santos si volvemos', 'gatubela', 'provenza', 'cairo karol letra', 'mami karol', '200 copas karol', 'gatubela letra karol', 'tusa', 'karol provenza', 'bichota karol', 'musica', 'carol', 'karol gatubela', 'gatubela karol', 'mami', 'ocean karol', 'el barco karol', 'provenza karol letra', ""don't be shy""]",2023-02-03T00:00:31Z,"""Stream â€œX SI VOLVEMOSâ€ on your favorite platform: https://karolg.lnk.to/XSV!YTD 

Subscribe to my YouTube channel here: https://smarturl.it/SubscribeKarolG 

Connect with KAROL G on socials:
Instagram: https://www.instagram.com/karolg/ 
Twitter: https://twitter.com/karolg 
Facebook: https://www.facebook.com/KarolGOficial 
TikTok: https://www.tiktok.com/@karolg 

Shop Karol G Merch: https://bit.ly/3REHZp3
Lyrics:
No funcionamos,
Lo dimos todo pero no se nos dio,
Por eso nos vamos,
Pero antes de irnos

Vamo Ì a hacerlo por Ãºltima vez,
BebÃ©,
Que en el amor no pero en la cama
Nos entendemos,
Es una porno, a mÃ­ me encanta cÃ³mo
Lo hacemos,
No borrarÃ© tu contacto y estoy al
Tanto por si volvemos,
Pero asÃ­ noâ€¦

Por la orillita se me cuida
Pero llama cuando quieras
Que te deje la cama destendida,
Los bellaqueos no se olvidan,
A nadie de confianza se le niega
Un polvo de despedida, Â¡eh!
Yo estoy puesta paâ€™l repeat
TÃº pon la cama que yo pongo el cripy,
Para variar en la playa, en RD,
Punta Cana,
La ventana mirando la city,
Ya sÃ© que en el amor somos un desastre,
Yo soy bandida y tÃº eres gangster,
No sÃ© cuÃ¡nto tiempo malgastaste
Intentando algo serio,
Ya sÃ© que no soy lo que pensaste
Pero desde que me besaste
A mi malicia te enviciaste,
Esto no es saludable, peroâ€¦

Vamo Ì a hacerlo por Ãºltima vez, bebÃ©,
Que en el amor no pero en la cama
Nos entendemos,
Es una porno, a mÃ­ me encanta cÃ³mo
Lo hacemos,
No borrarÃ© tu contacto y estoy al
Tanto por si volvemos,
Pero asÃ­ noâ€¦

Nuestro amor ta Ì jodio, pero que sensaciÃ³n
cuando en la cama se acaban los lÃ­o
Â¿ serÃ¡ que el sexo contigo es mi adicciÃ³n?
amores toxicos, solo sirven pa sin, sin
somos tan explÃ­citos pero llego a su fin, so nasty
despÃ­dete desnuda con mi cel te voy grabando
yo te digo adiÃ³s dentro de ti
guarda este video para cuando te haga falta
y estÃ©s mojadita pensando en mi
Vamo Ì a hacerlo por Ãºltima vez, bebe
que en el amor no pero en la cama nos entendemos
es una porno, a mÃ­ me encanta como lo hacemos
no borrare tu contacto y estoy al tanto por si volvemos
pero asÃ­ noâ€¦

BebÃ©, regÃ¡lame una noche que no
Termine nunca,
Hoy es noche de sexo... Â¿SÃ­ vienes?
Lo supiste...mi Romeo, the king con La
Bichota.


#KarolG #RomeoSantos #XSIVOLVEMOS #Visualizer
""

Music video by KAROL G, Romeo Santos performing X SI VOLVEMOS (Visualizer). Universal Music Latino; Â© 2023 UMG Recordings, Inc.

http://vevo.ly/McYFhg","['#d8ab7d', '#110e1e', '#3846b2', '#7ba7d7', '#b04a36']","['warm', 'dark', 'dark', 'cool', 'dark']",none,"{'K': 1, 'A': 1, 'R': 2, 'O': 3, 'L': 2, ' ': 8, 'G': 1, ',': 1, 'o': 3, 'm': 1, 'e': 2, 'S': 3, 'a': 2, 'n': 1, 't': 1, 's': 2, '-': 1, 'X': 1, 'I': 1, 'V': 3, 'E': 1, 'M': 1, '(': 1, 'i': 2, 'u': 1, 'l': 1, 'z': 1, 'r': 1, ')': 1}",0,0.0%,20,20
Bryan Cranston Fully Commits While Eating Spicy Wings | Hot Ones,PT23M51S,First We Feast,https://www.youtube.com/channel/UCPD_bxCRGpmmeQcbe2kpPaA,11900000,2769962,134459,5644,"{'Heisenberg': 1, 'returns!': 1, 'Thumbs': 1, 'TV': 1, 'Mount': 1, 'Rushmore.&quot;If': 1, 'to...but': 1, 'tries': 1, 'cry,': 1, 'that&#39;s': 1, 'will.&quot;': 1, 'Pure': 1, 'genius.I': 1, 'worked': 1, 'closely': 1, 'set': 1, 'Your': 1, 'Honor.': 1, 'Heâ€™s': 1, 'cool': 1, 'youâ€™d': 1, 'hope': 1, 'And': 1, 'scarily': 1, 'professional': 1, 'both': 1, 'producing.': 1, 'guy.One': 1, 'himThe': 1, 'Dodgers': 1, 'tear': 1, 'eyes...HES': 1, 'LEGENDThe': 1, 'fact': 1, 'ease': 1, 'allow': 1, 'them': 1, 'forth': 1, 'selve&#39;s': 1, 'reflection': 1, '<br><br>So': 1, 'glad': 1, 'see': 1, 'successful.Dude&#39;s': 1, 'napkins.I': 1, 'gone': 1, 'long,': 1, 'celebrity&#39;s': 1, 'eachother': 1, 'prepare': 1, 'eachother.': 1, 'cute.Every': 1, 'amazed': 1, 'grounded,': 1, 'wise': 1, 'appears': 1, 'be.': 1, 'model': 1, 'dedication,': 1, 'talent': 1, 'humility.One': 1, 'clicked': 1, 'video': 1, 'faster.': 1, 'Growing': 1, 'Middle': 1, 'show,': 1, 'absolute': 1, 'me.He': 1, 'thoughtful': 1, 'spoken': 1, 'guy.': 1, 'deserves': 1, 'success': 1, 'gotten.How': 1, 'ADORE': 1, 'Bryan?': 1, 'Definitely': 1, 'greats.this': 1, 'childhood': 1, 'middle,': 1, 'played': 1, 'series': 1, 'Bad,': 1, 'commits': 1, 'himself': 1, 'work,': 1, 'chicken': 1, 'wing': 1, 'fun,': 1, 'lively': 1, 'engaging.Wow': 1, 'definately': 1, 'top': 1, '5': 1, 'special': 1, 'sit': 1, 'upon': 1, 'amazing': 1, '.I': 1, 'canâ€™t': 1, 'enough': 1, 'Bryanâ€˜s': 1, 'storytelling': 1, 'joy': 1, 'to.<br>He': 1, 'Conan': 1, 'Oâ€™Brienâ€˜s': 1, 'podcast': 1, 'too,': 1, 'definitely': 1, 'our': 1, 'time!One': 1, 'versatile': 1, 'industry.': 1, 'Always': 1, 'works...As': 1, 'long': 1, 'Cranston,': 1, 'okay': 1, 'world.': 1, 'genuine,': 1, 'honest': 1, 'kind': 1, 'person.6': 1, 'later': 1, 'Waltuh': 1, 'took': 1, 'champThat': 1, 'freaking': 1, 'incredible!': 1, 'control': 1, 'over': 1, 'expression': 1, 'than': 1, 'life!!': 1, 'crumbling': 1, 'ww': 1, 'cold': 1, 'ice.&quot;Look': 1, 'us.': 1, 'Who': 1, 'thought?&quot;': 1, 'legacy': 1, 'Rudd': 1, 'legendary': 1, 'forever': 1, 'remain': 1, 'show.The': 1, 'announcer': 1, 'gave': 1, 'same': 1, 'Mac': 1, 'Miller': 1, 'earbuds': 1, 'tune': 1, 'rip': 1, 'ğŸ™': 1, 'wish': 1, 'ones': 1, 'ğŸ˜¢The': 1, 'spoke': 1, 'Vince': 1, 'Scullyâ€¦': 1, 'opened': 1, 'what': 1, 'meant': 1, 'him..': 1, 'chillsThe': 1, 'explained': 1, 'experience': 1, 'Scully': 1, 'baseball': 1, 'young': 1, 'age': 1, 'reminisce': 1, 'own': 1, 'childhood.': 1, 'There': 1, 'lot': 1, 'yelling': 1, 'house.': 1, 'Sports': 1, 'were': 1, 'escape.Seeing': 1, 'finally': 1, 'having': 1, 'moment': 1, 'front': 1, 'Bryan&#39;s': 1, 'stone': 1, 'face-priceless!!': 1, 'ğŸ¤£I': 1, 'actually': 1, 'teared': 1, 'little': 1, 'bit': 1, 'Expectations': 1, 'interviews.': 1, 'touching!': 1, 'observant': 1, 'finds': 1, 'beauty': 1, 'peopleWhat': 1, 'superb': 1, 'team': 1, 'first': 1, 'feast!': 1, 'One': 1, 'obviously': 1, 'makes': 1, 'brilliant': 1, 'nuanced': 1, 'extraordinarily': 1, 'smart': 1, 'clearly': 1, 'explain': 1, 'minutia': 1, 'methods,': 1, 'brings': 1, 'humanity': 1, 'each': 1, 'plays.': 1, 'Truly': 1, 'extraordinary': 1, 'guy.he': 1, 'hit': 1, 'â€œlook': 1, 'us': 1, 'thoughtâ€': 1, 'IconicWow': 1, 'steel!': 1, 'loved': 1, 'many': 1, 'memorable': 1, 'roles..': 1, 'but': 1, 'seeing': 1, 'crush': 1, 'wings..': 1, 'eloquent': 1, 'right': 1, 'after': 1, 'eating': 1, 'scoville': 1, 'sauces': 1, 'breathing': 1, 'fire': 1, 'impressive.What': 1, 'wholesome': 1, 'Once': 1, 'again': 1, 'Hot': 1, 'Ones': 1, 'team,': 1, 'take': 1, 'bow': 1, 'absolutely': 1, 'incredible': 1, 'do!': 1, 'Thoroughly': 1, 'enjoyed': 1, 'this,': 1, 'interviews': 1, 'good': 1, 'us!': 1, 'â¤â¤Itâ€™s': 1, 'impressive': 1, 'insightful': 1, 'does': 1, 'says,': 1, 'i': 1, 'think': 1, 'few': 1, 'into': 1, 'live': 1, 'around': 1, 'acting.': 1, 'gem.This': 1, 'inspirational': 1, 'planet.How': 1, 'guy,': 1, 'possible': 1, 'ğŸ™ŒListening': 1, 'service': 1, 'shows': 1, 'cares': 1, 'does.': 1, 'inspiration!I': 1, 'read': 1, 'autobiography': 1, 'couple': 1, 'ago,': 1, 'it&#39;s': 1, 'reads.': 1, 'Highly': 1, 'recommend': 1, 'interview.He': 1, 'everyday': 1, 'type': 1, 'guys': 1, 'happens': 1, 'generationHis': 1, 'Aaron': 1, 'impression': 1, 'spot': 1, 'on!': 1, 'story': 1, 'laugh': 1, 'lot.': 1, 'legend!Imagine': 1, 'normal,': 1, 'nice,': 1, 'man.Of': 1, 'for,': 1, 'thing': 1, 'caught': 1, 'old': 1, 'matchmaker': 1, 'job.': 1, 'part': 1, 'sweet!': 1, '&lt;3Can': 1, 'some': 1, 'Evans': 1, 'GOAT': 1, 'interviewer.': 1, 'Props': 1, 'dedication': 1, 'interest': 1, 'person': 1, 'Keep': 1, 'content!You': 1, 'feel': 1, 'passion': 1, 'it.': 1, 'point': 1, 'cry': 1, 'easily': 1, 'vs': 1, 'try': 1, 'hold': 1, 'gets': 1, 'through': 1, 'something': 1, 'I&#39;d': 1, 'specifically': 1, 'noticed.': 1, 'But,': 1, 'soon': 1, 'said': 1, 'it,': 1, 'times': 1, 'during': 1, 'film': 1, 'or': 1, 'they': 1, 'shared': 1, 'performance.': 1, 'Also': 1, 'pleasant': 1, 'guy.He&#39;ll': 1, 'Hal': 1, 'me.': 1, 'natural': 1, 'comedic': 1, 'book.': 1, 'gives': 1, 'off': 1, 'uncle': 1, 'vibe.Dude&#39;s': 1, 'napkins.The': 1, 'certain': 1, 'aspects': 1, 'amazing,': 1, 'probably': 1, 'clear': 1, 'heardBryan:': 1, '&quot;when': 1, 'to&quot;<br><br>I': 1, 'final': 1, 'Walter': 1, 'crying,': 1, 'don&#39;t': 1, 'lie': 1, 'Bryan!He': 1, 'gold': 1, 'mine!': 1, 'casually': 1, 'dropping': 1, 'nuggets': 1, 'wisdom': 1, 'throughout': 1, 'entire': 1, 'double': 1, 'biting': 1, 'wings': 1, 'nothing.Speechless.': 1, 'riveted': 1, 'came': 1, 'mouth.': 1, 'intelligent.': 1, 'insightful.': 1, 'humble.': 1, 'ğŸ‘Walter': 1, 'White': 1, 'dad': 1, 'bites': 1, 'ğŸ”¥Cranston': 1, 'nine': 1, 'weeks': 1, 'deep': 1, 'succinct': 1, 'explanations': 1, 'why': 1, 'modern': 1, 'apps': 1, '(on': 1, 'average)': 1, 'intentionally': 1, 'designed': 1, 'keep': 1, 'billions': 1, 'rolling': 1, 'WHILE': 1, 'telling': 1, 'personal': 1, 'story.': 1, 'champ.': 1, 'cries,': 2, 'doesn&#39;t': 2, 'fun': 2, 'is.': 2, 'Great': 2, 'time..but': 2, 'beings': 2, 'well.': 2, 'world': 2, 'needs': 2, 'talks': 2, 'Vin': 2, 'almost': 2, 'put': 2, 'bring': 2, 'best': 2, 'genuine': 2, 'happy': 2, 'legend.': 2, 'socks': 2, 'match': 2, 'show': 2, 'talk': 2, 'role': 2, 'himI': 2, 'never': 2, 'Malcolm': 2, 'an': 2, 'legend': 2, 'well': 2, 'tv': 2, 'interview': 2, ',': 2, 'could': 2, 'hours': 2, 'recent': 2, 'episode': 2, 'liked': 2, 'will': 2, 'seems': 2, 'years': 2, 'anyone': 2, 'ever': 2, 'seen': 2, 'would': 2, 'Paul': 2, 'describes': 2, 'feeling': 2, 'mac': 2, 'talked': 2, 'things': 2, 'actor': 2, 'is,': 2, 'always': 2, 'give': 2, 'answers': 2, 'do': 2, 'energy': 2, 'are': 2, 'every': 2, 'dating': 2, 'What': 2, 'back': 2, 'thought': 2, 'cried': 2, 'while': 2, 'Just': 2, 'if': 3, 'Bad': 3, 'your': 3, 'character': 3, 'audience': 3, 'also': 3, 'more': 3, 'brought': 3, 'A': 3, 'able': 3, 'their': 3, 'even': 3, 'I&#39;m': 3, 'true': 3, 'favorite': 3, 'man': 3, 'characters': 3, 'listen': 3, 'Thank': 3, 'get': 3, '-': 3, 'be': 3, 'I&#39;ve': 3, 'out': 3, 'hot': 3, 'That': 3, 'interview.': 3, 'work': 3, 'Breaking': 4, 'when': 4, 'humble': 4, 'acting': 4, 'human': 4, 'The': 4, 'people': 4, 'great': 4, 'for': 4, 'So': 4, 'time': 4, 'can': 4, 'made': 4, '.': 4, 'we': 4, 'it': 4, 'me': 4, 'much': 4, 'very': 4, 'up': 5, 'not': 5, 'him': 5, 'has': 5, 'such': 5, 'Brian': 5, 'who': 5, 'Sean': 5, 'everything': 5, 'on': 6, 'greatest': 6, 'He': 6, 'being': 6, 'still': 6, 'I': 6, 'really': 6, 'have': 7, 'actors': 7, 'like': 7, 'at': 7, 'just': 7, 'so': 7, 'most': 7, 'Cranston': 8, 'as': 8, 'way': 8, 'love': 8, 'about': 9, 'this': 9, 'you': 9, 'with': 10, 'all': 10, 'Bryan': 10, 'my': 11, 'his': 12, 'one': 12, 'was': 12, 'how': 13, 'that': 17, 'in': 20, 'is': 21, 'he': 25, 'to': 26, 'a': 35, 'and': 37, 'of': 38, 'the': 46}",https://i.ytimg.com/vi/OXEteCPQcGc/default.jpg,Entertainment,"['First we feast', 'fwf', 'firstwefeast', 'food', 'food porn', 'cook', 'cooking', 'chef', 'recipe', 'cocktail', 'bartender', 'craft beer', 'complex', 'complex networks', 'bryan cranston', 'hot ones', 'spicy food', 'burgers', 'food documentary', 'hot ones season 20', 'spicy', 'your honor', 'breaking bad', 'dos hombres', 'foodie', 'walter white', 'aaron paul', 'sean evans', 'emmy awards 2022', 'your honor season 2', 'broadway', 'malcolm in the middle', 'cranston']",2023-02-02T16:00:22Z,"Bryan Cranston is a six-time Emmy Awardâ€“winning actor you know from acclaimed Broadway performances, films that include 2013's Best Picture Argo, and iconic TV shows like Malcolm in the Middle and Breaking Bad. He also stars in the highly anticipated second season of the crime drama Your Honor, now airing on Showtime. But how is he with spicy food? Find out as he makes his triumphant return to the Hot Ones table and takes on the wings of death with Sean Evans. Along the way, he discusses his love affair with the Dodgers, behind-the-scenes Breaking Bad stories, and the keys to being a committed actor. 

BUY HOT ONES HOT SAUCE NOW: https://fwfea.st/hotsauces

TRY THE HOT ONES BONELESS CHICKEN BITE CHALLENGE: https://fwfea.st/chickenbites

BUY HOT ONES TRUTH OR DAB: THE GAME: http://truthordabgame.com

SHOP HOT ONES MERCH: https://bit.ly/2AIS271

SIGN UP FOR THE HOT ONES MONTHLY HOT SAUCE SUBSCRIPTION: https://bit.ly/2veY50P

SIGN UP FOR THE FIRST WE FEAST NEWSLETTER: http://firstwefeast.com/signup

SUBSCRIBE TO FIRST WE FEAST ON YOUTUBE: http://goo.gl/UxFzhK

MAKE A DIFFERENCE BY DONATING TO COMMON THREADS, THE OFFICIAL CHARITY PARTNER OF HOT ONES: https://www.commonthreads.org/firstwefeast/

Check out more of First We Feast here:

http://firstwefeast.com/
http://instagram.com/firstwefeast
http://instagram.com/hotones/
https://twitter.com/firstwefeast
https://www.facebook.com/FirstWeFeast

First We Feast videos offer an iconoclastic view into the culinary world, taking you behind-the-scenes with some of the countryâ€™s best chefs and finding the unexpected places where food and pop culture intersect.","['#cba683', '#120d0b', '#6c4e3b', '#848488', '#7a7a80']","['warm', 'dark', 'dark', 'dark', 'dark']",none,"{'B': 1, 'r': 2, 'y': 3, 'a': 3, 'n': 6, ' ': 10, 'C': 2, 's': 4, 't': 4, 'o': 3, 'F': 1, 'u': 1, 'l': 3, 'm': 2, 'i': 5, 'W': 2, 'h': 1, 'e': 2, 'E': 1, 'g': 2, 'S': 1, 'p': 1, 'c': 1, '|': 1, 'H': 1, 'O': 1}",0,0.0%,10,10
Outer Banks 3 | Official Trailer | Netflix,PT2M44S,Netflix,https://www.youtube.com/channel/UCWOA1ZGywLbqmigxE4Qlvuw,25800000,2309839,71231,3137,"{'season!': 1, 'intensity': 1, 'excitement': 1, 'level': 1, 'edge': 1, 'seat.': 1, 'Additionally,': 1, 'appears': 1, 'sort': 1, 'connection': 1, 'there&#39;s': 1, 'hint': 1, 'potential': 1, 'kiss': 1, 'trailer,': 1, 'adding': 1, 'anticipation': 1, 'what&#39;s': 1, 'come.There&#39;s': 1, 'series.': 1, 'gives': 1, 'off': 1, 'teenage': 1, 'dream.': 1, 'put': 1, 'words.I': 1, '3!The': 1, 'else,': 1, 's3': 1, 'phenomenalThis': 1, 'awesome.': 1, 'wait!everytime': 1, 'comes': 1, 'it&#39;s': 1, 'whole': 1, 'hype': 1, 'gonna': 1, 'feel': 1, 'deep.i': 1, 'dadI': 1, 'season,': 1, 'let': 1, 'bit': 1, 'spotlight': 1, 'way.': 1, 'seasoni': 1, 'swear': 1, 'if': 1, 'sarah': 1, 'topper': 1, 'iâ€™m': 1, 'cry.One': 1, 'select': 1, 'things': 1, 'doing': 1, 'right,': 1, 'please': 1, 'keep': 1, 'great': 1, 'whileThis': 1, 'very': 1, 'makes': 1, 'high': 1, 'school': 1, 'year.': 1, 'lived': 1, 'VA': 1, 'teenager': 1, 'used': 1, 'go': 1, 'OBX': 1, 'HH': 1, 'friends': 1, 'our': 1, 'parents': 1, 'summer.': 1, 'need': 1, 'prepare': 1, 'myself': 1, 'nostalgic': 1, 'again.': 1, 'truly': 1, 'hits': 1, 'hard': 1, 'especially': 1, 'naive': 1, 'mischievous': 1, 'old': 1, 'self': 1, 'ğŸ™ğŸï¸ğŸ’™<a': 1, 'href=""https://www.youtube.com/watch?v=T0w8iL2vS04&amp;t=2m16s"">2:16</a>': 1, 'â€œ': 1, 'thought': 1, 'did': 1, 'something.': 1, 'didâ€': 1, 'them': 1, 'ğŸ˜­This': 1, 'soo': 1, 'underrated': 1, '3I': 1, 'phenomenalSo': 1, 'happy': 1, 'showHave': 1, 'noticed': 1, 'dive': 1, 'deeper': 1, 'characters,': 1, 'discover/explore': 1, 'looming': 1, 'related': 1, 'their': 1, 'ancestry.': 1, 'Seems': 1, 'might': 1, 'Kieraâ€™s': 1, 'turn': 1, 'hunt': 1, 'her': 1, 'treasure.This': 1, 'HAS': 1, 'surprise': 1, 'hit': 1, 'over': 1, 'last': 1, 'years.': 1, 'two': 1, 'seasons': 1, 'were': 1, 'great.': 1, 'Preview': 1, 'amazing.Iâ€™m': 1, 'hyped': 1, ',': 1, 'BUT': 1, 'interesting,': 1, 'shouldâ€™ve': 1, 'dad': 1, 'thing': 1, 'surprise,': 1, 'John': 1, 'B': 1, 'saying': 1, 'â€œDadâ€': 1, 'then': 1, 'went': 1, 'diff': 1, 'part': 1, '.': 1, 'But': 1, 'ready': 1, 'out!Oh': 1, 'ready!The': 1, 'movieOne': 1, 'ever': 1, 'Netflix!': 1, 'More': 1, 'seasons!!!I&#39;ve': 1, 'disconnected': 1, 'services,': 1, '&amp;': 1, 'internet.': 1, 'Who': 1, 'needs': 1, 'you&#39;ve': 1, 'got': 1, 'Netflix?!Yesssss': 1, 'finally!!!': 1, 'Been': 1, 'moment': 1, 'â¤ğŸ‰ğŸ‰': 1, 'honestly': 1, 'binge': 1, 'many': 1, 'times': 1, 'because': 1, 'Iâ€™ll': 1, 'tired': 1, 'it!': 1, 'kiara': 1, 'togetherğŸ˜­The': 1, 'yet!!!': 1, 'ğŸ˜†This': 1, 'looking': 1, 'now.': 1, 'general!': 1, 'For': 1, 'sure': 1, 'Netflixâ€™s': 1, 'showsI': 1, '3!I': 1, 'INSANE': 1, 'im': 1, 'it!This': 1, 'mystery': 1, 'hunt,': 1, 'group': 1, 'teens': 1, 'boating': 1, 'around': 1, 'there': 1, 'own': 1, 'townğŸ˜‚The': 1, 'wait!!': 1, 'trailer!The': 1, 'else.': 1, 'muchahhh': 1, 'vibes': 1, 'unmatchedOh': 1, 'treat!': 1, 'also': 1, 'rescued': 1, 'depths': 1, 'COVID,': 1, 'next': 1, 'seasonI': 1, 'telling': 1, 'husband': 1, 'wondering': 1, 'Outer': 1, 'Banks': 1, 'this!!': 1, 'YAY!!': 1, 'AM': 1, 'EXCITED!!May': 1, 'continue': 1, 'same': 1, 'cast!I': 1, 'impressed': 1, 'escaping': 1, 'bad': 1, 'without': 1, 'eating': 1, 'ğŸ˜‚i': 1, 'dadLiterally': 1, 'feels': 1, 'movie.': 1, 'Canâ€™t': 1, 'ğŸ”¥ğŸ”¥The': 1, 'action': 1, 'amazing': 1, 'waitIâ€™ve': 1, 'been': 1, 'trailer!!': 1, 'excited!!!!!': 1, 'Alsoâ€¦I': 1, 'character,': 1, 'but': 1, 'brought': 1, 'Barry': 1, 'back.': 1, 'think': 1, 'hilarious.SO': 1, 'Kie': 1, 'finally!i': 1, 'excited,': 1, 'evolved': 1, 'everythingExciting': 1, 'ğŸ‰I': 1, 'Cameron': 1, 'redemption': 1, 'arc': 1, 'always': 1, 'liked': 1, 'character': 1, 'cares': 1, 'family': 1, 'much': 1, 'crazy': 1, 'able': 1, 'help': 1, 'learn': 1, 'familynever': 1, 'fails': 1, 'smile,': 1, 'IM': 1, 'SO': 1, 'EXCITED': 1, 'AHHH': 1, 'ğŸ¤ŸğŸ¼Can': 1, 'thrill': 1, 'given': 1, 'meThe': 1, 'shots': 1, 'cinematic.': 1, '<br>': 1, 'excited!': 1, 'pogues': 1, 'kooks': 1, 'ğŸ˜': 1, 'some': 2, 'summer': 2, 'into': 2, 'explain': 2, 'ever,': 2, 'better.I': 2, 'remember': 2, 'pleasantly': 2, 'surprised': 2, 'season.': 2, 'stoked': 2, 'second': 2, 'came': 2, 'out.': 2, 'much,': 2, 'Can&#39;t': 2, 'new': 2, 'out': 2, 'know': 2, 'even': 2, 'this.': 2, 'really': 2, 'kie': 2, 'finally': 2, 'stands': 2, 'up': 2, 'I&#39;m': 2, 'shows': 2, 'miss': 2, 'or': 2, 'almost': 2, 'every': 2, 'It': 2, 'We': 2, 'glad': 2, 'wait!': 2, 'Season': 2, 'coming': 2, 'guys': 2, 'main': 2, 'treasure': 2, 'come': 2, 'man': 2, 'from': 2, 'TV': 2, 'waiting': 2, 'Iâ€™ve': 2, 'never': 2, 'see': 2, 'movieI': 2, 'So': 2, 'movie': 2, 'way': 2, 'all': 2, 'years': 2, 'not': 2, 'made': 2, 'far': 2, 'by': 2, 'amount': 2, 'heâ€™s': 2, 'ward': 2, 'what': 2, 'on': 3, 'JJ': 3, 'Kiara': 3, 'about': 3, 'vibe': 3, 'can&#39;t': 3, 'feeling': 3, 'than': 3, 'already': 3, 'better': 3, 'watched': 3, 'first': 3, 'This': 3, 'grown': 3, 'actually': 3, 'you': 3, 'make': 3, 'describe': 3, 'jj': 3, 'together': 3, 'rafe': 3, 'we': 3, 'him': 3, 'few': 3, 'Netflix': 3, 'absolutely': 3, 'love': 3, '3': 3, 'kept': 3, 'good': 3, 'look': 3, 'best': 3, 'he': 3, 'has': 4, 'something': 4, 'will': 4, 'tell': 4, 'i': 4, 'one': 4, 'Iâ€™m': 4, 'itâ€™s': 4, 'they': 4, 'The': 5, 'trailer': 5, 'me': 5, 'more': 5, 'can': 5, 'story': 5, 'as': 5, 'wait': 5, 'hope': 5, 'his': 5, 'with': 5, 'my': 6, 'that': 6, 'how': 6, 'looks': 6, 'going': 6, 'be': 6, 'back': 6, 'am': 7, 'excited': 7, 'just': 7, 'series': 7, 'canâ€™t': 7, 'in': 8, 'have': 8, 'get': 8, 'show': 8, 'it': 9, 'like': 9, 'was': 9, 'when': 9, 'so': 13, 'season': 14, 'for': 18, 'of': 22, 'to': 22, 'is': 22, 'this': 24, 'I': 27, 'the': 28, 'a': 28, 'and': 30}",https://i.ytimg.com/vi/T0w8iL2vS04/default.jpg,Entertainment,"['Austin North', 'Carlacia Grant', 'Charles Esten', 'Chase Stokes', 'Cleo', 'Drew Starkey', 'JJ', 'John B', 'Jonathan Daviss', 'Kiera', 'Kook', 'Madelyn Cline', 'Madison Bailey', 'Netflix', 'OBX', 'OBX Trailer', 'OBX3 Trailer', 'Outer Banks', 'Outer Banks Season 3', 'Outer Banks Season 3 Trailer', 'Outer Banks Trailer', 'Pogue', 'Pope', 'Rafe Cameron', 'Rudy Pankow', 'Sara Cameron', 'Topper', 'Ward Cameron']",2023-02-02T15:00:00Z,"Nothing to lose. Outer Banks S3 premieres Feb 23, only on Netflix.

SUBSCRIBE: http://bit.ly/29qBUt7

About Netflix:
Netflix is one of the world's leading entertainment services with 231 million paid memberships in over 190 countries enjoying TV series, films and games across a wide variety of genres and languages. Members can play, pause and resume watching as much as they want, anytime, anywhere, and can change their plans at any time.

Outer Banks 3 | Official Trailer | Netflix
https://www.youtube.com/@Netflix

New adventures take the Pogues to the Caribbean and far beyond as the friends are pulled into a dangerous rival's hunt for a legendary lost city.","['#e1cca7', '#0d0907', '#593c23', '#86663e', '#80675b']","['warm', 'dark', 'dark', 'dark', 'dark']",none,"{'O': 2, 'u': 1, 't': 2, 'e': 3, 'r': 3, ' ': 7, 'B': 1, 'a': 3, 'n': 1, 'k': 1, 's': 1, '3': 1, '|': 2, 'f': 3, 'i': 4, 'c': 1, 'l': 3, 'T': 1, 'N': 1, 'x': 1}",0,0.0%,5,5
"Arcangel, Bad Bunny - La Jumpa (Video Oficial) | SR. SANTOS",PT4M13S,Arcangel,https://www.youtube.com/channel/UCu4bj03KW4CwAsYtHSwMEsQ,10900000,2980675,227030,6328,"{'luz.UN': 1, 'ÃLBUM': 1, 'DE': 1, 'ESTOS': 1, 'DOS': 1, 'JUNTOS': 1, 'ES': 1, 'TODO': 1, 'LO': 1, 'NECESITAMOS': 1, 'ğŸ™ğŸ¼ğŸ”¥en': 1, 'vida': 1, 'Agradecido': 1, '!': 1, 'ğŸ”¥ğŸ”¥': 1, 'Durisimo': 1, '!!Yo': 1, 'solo': 1, 'esto': 1, 'llama': 1, 'agradecimiento!': 1, 'Cuando': 1, 'reciÃ©n': 1, 'salÃ­a': 1, 'grabÃ³': 1, 'mano,hoy': 1, '#1': 1, 'favorğŸ”¥nunca': 1, 'fallan!': 1, 'Se': 1, 'grabarÃ©': 1, 'logre': 1, 'ğŸ‡µğŸ‡·Jamas': 1, 'renuncies': 1, 'algo': 1, 'realmente': 1, 'gusta,': 1, 'enfocate': 1, 'ti,': 1, 'tus': 1, 'proyectos': 1, 'paz': 1, 'mental.': 1, 'Desde': 1, 'Venezuela': 1, 'trabajando': 1, 'duro': 1, 'para': 1, 'colaborar': 1, 'idolos': 1, 'levantando': 1, 'nombre': 1, 'pais,': 1, 'bendiga': 1, 'aquiSolo': 1, 'Los': 1, 'Reales': 1, 'Entienden': 1, 'Chimba': 1, 'De': 1, 'AlegrÃ­a': 1, 'Que': 1, 'Da': 1, 'ImÃ¡genes': 1, 'Finales': 1, 'âœ¨ğŸ”¥Ellos': 1, 'jamas': 1, 'van': 1, 'fallar': 1, 'visto,': 1, 'ni': 1, 'vera': 1, 'ğŸ™â¤Ya': 1, 'habÃ­a': 1, 'escuchado': 1, 'ahorita': 1, 'pude': 1, 'comentar': 1, 'increÃ­ble': 1, 'flashbacks': 1, 'asÃ­,': 1, 'otros': 1, 'brutal': 1, 'lagrimita': 1, 'porquÃ©': 1, 'buen': 1, 'tiempo': 1, 'colaborado': 1, 'ArcÃ¡ngel': 1, 'demuestra': 1, 'amor,': 1, 'felicidad,': 1, 'apoyo': 1, 'ambos': 1, 'mutuamente': 1, 'unos': 1, 'verdad': 1, 'cÃ³mo': 1, 'sacan': 1, 'Ã©xito': 1, 'kbrÃ³n': 1, 'si': 1, 'soy': 1, 'Ãºnico': 1, 'necesito': 1, 'conejo': 1, 'definitivamente': 1, 'mis': 1, 'oficiales': 1, 'favoritos': 1, 'plataforma': 1, 'Youtube': 1, 'escuchando': 1, 'Sr': 1, 'ğŸ˜ğŸ‡µğŸ‡·ğŸ‡ğŸ˜‡': 1, 'href=""https://www.youtube.com/watch?v=ubbE6gyBf8k&amp;t=3m32s"">3:32</a>Admiro': 1, 'trabajo,': 1, 'Mi': 1, 'SueÃ±o': 1, 'vivir': 1, 'ustedes': 1, 'trabajo': 1, '7am': 1, '8pm': 1, 'invierto': 1, 'dinero': 1, 'grabar': 1, 'artistas,': 1, 'he': 1, 'trabajado': 1, 'lograrlo': 1, 'confÃ­o': 1, 'Dios': 1, 'tarde': 1, 'o': 1, 'temprano': 1, 'realidad,': 1, 'mientras': 1, 'felicito': 1, 'luchandoCon': 1, 'ansias': 1, 'videoclip.': 1, 'tomas': 1, 'gasolinera,': 1, 'discoteca,': 1, 'estuvieron': 1, 'juntos,': 1, 'P': 1, 'FKN': 1, 'R,': 1, 'mural': 1, 'Arcangel:': 1, 'Ã©pico.âœ¨Â¡ESTAS': 1, 'ESCUCHANDO': 1, 'UNA': 1, 'LEYENDA': 1, 'NO': 1, 'VOLVERA': 1, 'NACER....!!âœ¨ğŸ”¥Esta': 1, 'cancion': 1, 'droga': 1, 'repitiendola': 1, 'parar': 1, 'ğŸ¥µğŸ”¥Que': 1, 'bonito': 1, 'puso': 1, 'momentos': 1, 'vivido': 1, 'dijo': 1, ':dÃ­melo': 1, 'fallas': 1, 'ningÃºn': 1, 'â¤ï¸Solo': 1, 'sabemos': 1, 'significa': 1, 'junte': 1, 'volver': 1, 'escucharlos': 1, 'ğŸ”¥ğŸ”¥Todos': 1, 'acuerdo': 1, 'cantando': 1, 'desbloquea': 1, 'sentimientos': 1, 'habÃ­amos': 1, 'tenido': 1, 'tiempoPodre': 1, 'decir': 1, 'vivi': 1, 'epoca': 1, 'sencillamente': 1, 'Impresionante': 1, 'ğŸ”¥ğŸ”¥ğŸ”¥ğŸ”¥Estos': 1, 'palos': 1, 'tiempos,': 1, 'sabe': 1, 'sacar': 1, 'temas': 1, 'rompeğŸ”¥ğŸ”¥Ojala': 1, 'sea': 1, 'estÃ©': 1, 'regreso': 1, 'ğŸ™<br>AmÃ©nDefinitivamente': 1, 'carta': 1, 'amor': 1, 'PR': 1, 'sÃ­mbolo': 1, 'tan': 1, 'grande': 1, 'tienen': 1, 'grandesEsperaba': 1, 'palo': 1, 'fin': 1, 'dio,': 1, 'SÃ±r.': 1, 'dupla': 1, 'Ã©xitos': 1, 'tras': 1, 'Ã©xitos.': 1, '..': 1, 'Vives': 1, 'AsÃ­.': 1, '2017.': 1, 'Me': 1, 'AcostumbrÃ©.': 1, '2018.': 1, 'Original': 1, '2023': 1, 'Jumpa...': 1, 'fenÃ³menos': 1, 'ğŸ°ğŸ˜ğŸ˜El': 1, 'erizo': 1, 'piel,': 1, 'bunny': 1, 'saco': 1, 'luz.Estos': 1, '<br>AquÃ­': 1, 'tiempos': 1, '&quot;tu': 1, 'asÃ­&quot;Este': 1, 'va': 1, 'tendencia': 1, 'mundialPrrra!<br>Cuando': 1, 'habla': 1, 'grandeza': 1, 'lista!': 1, 'ğŸ‘ğŸ½ğŸ‘ğŸ½ğŸ‘ğŸ½<br>Se': 1, 'espera': 1, 'videoclip': 1, 'BOTTAS': 1, 'ğŸ™ğŸ½ğŸ™ğŸ½ğŸ™ğŸ½Todos': 1, 'sentimos': 1, 'orgulloso': 1, 'cantado': 1, 'junto,': 1, 'quien': 1, 'mano': 1, 'luego': 1, 'agradecer': 1, 'tantoğŸ™ŒğŸ™ŒUff': 1, 'sentÃ­': 1, 'pequeÃ±o': 1, 'toque': 1, 'despedida': 1, 'flashback': 1, 'esyo': 1, 'da': 1, 'nostalgia': 1, '\U0001f979\U0001f979\U0001f979': 1, 'â€œTu': 1, 'No': 1, 'Vive': 1, 'Asiâ€': 1, 'ahoraâ€¦': 1, 'vengan': 1, 'Arca': 1, 'ConejoTodo': 1, 'Oficial,': 1, '&amp;': 1, 'admirable': 1, 'verlos': 1, 'necesita': 1, 'ep': 1, 'ğŸ¥°ğŸ¥°ğŸ’•2': 1, 'Millones': 1, 'contribuir': 1, 'ustedes.': 1, 'Vamos': 1, 'millones': 1, 'piquenle': 1, '<br><br>': 1, 'href=""https://youtu.be/yoViudMG9WI"">https://youtu.be/yoViudMG9WI</a>Cuando': 1, 'pensaba': 1, 'q': 1, 'podÃ­an': 1, 'sorprender': 1, 'nadie': 1, 'rompen': 1, 'termÃ³metros': 1, 'superan': 1, 'expectativasâ­â­â­Si': 1, 'lees': 1, 'esto,': 1, 'espero': 1, 'bendiga,': 1, 'ti': 1, 'toda': 1, 'familia': 1, 'ğŸ™ğŸ»ğŸ‘‡ğŸ¼': 1, 'acÃ¡': 1, 'reÃºnen': 1, 'millonesGrande': 1, 'luz.Escucharla': 1, 'Monterrey': 1, 'â¤â¤â¤': 1, 'gracias': 1, 'vi': 1, 'escalofrÃ­os': 1, 'recordar': 1, 'hermoso': 1, 'ğŸ¥°ğŸ¥°ğŸ¥°ğŸ¥°La': 1, 'Ãºltima': 1, 'conciertos,': 1, 'eriza': 1, 'piel.': 1, 'Tantos': 1, 'aÃ±os': 1, 'primer': 1, 'junte,': 1, 'Arca.': 1, 'Montones': 1, 'recuerdos': 1, 'allÃ¡': 1, 'pa': 1, 'acÃ¡,': 1, 'sÃ­': 1, 'hermandad': 1, 'ğŸ™ğŸ»Que': 1, 'temazo': 1, 'nuevo': 1, 'sacaron': 1, 'otro': 1, 'hit': 1, 'ğŸŒ': 1, 'ğŸ§”ğŸ°ğŸ‘ˆğŸ¼ğŸ˜ˆğŸ’ªğŸ¼ğŸ’ªğŸ¼ğŸ’ªğŸ¼ğŸ‡²ğŸ‡½â¤ï¸â¤ï¸â¤ï¸â¤ï¸â¤ï¸&quot;Los': 1, 'haters': 1, 'salen,': 1, 'veo': 1, 'calle.': 1, 'Pa&#39;': 1, 'viven': 1, 'Twitter.&quot;': 1, 'ğŸ¯ğŸ”¥ğŸ‘ŒğŸ˜‚Mientras': 1, 'dÃºo': 1, 'siga': 1, 'vida.': 1, 'Yo': 1, 'fielâ¤Demasiado': 1, 'duros,': 1, 'verdaderos': 1, 'dueÃ±os': 1, 'negocios': 1, 'alardear': 1, 'ğŸâœ–ğŸArcÃ¡ngel': 1, 'creo': 1, 'cariÃ±o': 1, 've': 1, 'aquÃ­,': 1, 'colaboraciones': 1, 'tocÃ³': 1, 'alma': 1, 'e': 1, 'ido': 1, 'artistas': 1, 'inicio': 1, 'carreras.': 1, 'Felicidades': 1, 'urbanoğŸ”¥ğŸ˜ğŸ”¥ğŸ˜ğŸ”¥ğŸ˜ğŸ”¥ğŸ˜ğŸ”¥ğŸ˜ğŸ”¥ğŸ˜ğŸ”¥ğŸ’¥ğŸ’¥ğŸ’¥ğŸ’¥ğŸ’¯ğŸ’¯ğŸ’¯ğŸ’¯ğŸ’¯ğŸ’¯ğŸ’¯El': 1, 'claro': 1, 'ejemplo': 1, 'ayudo': 1, 'eras': 1, 'nadaEl': 1, 'humildad': 1, 'echo': 1, 'realidad': 1, 'ğŸ’ªğŸ¼ğŸ‡µğŸ‡·Volvieron': 1, 'Pegar': 1, 'Tema': 1, 'Ya': 1, 'Lo': 1, 'volveremos': 1, 'escuchar': 1, 'muchas': 1, 'veces': 1, 'Eso': 1, 'quedÃ³': 1, 'Duro': 1, 'Lamaaa': 1, 'and': 1, 'ğŸ”¥Grande': 1, 'luz.': 1, 'maravillaEsto': 1, 'estudio': 1, 'tampoco': 1, 'cinematogrÃ¡fia,': 1, 'amigos': 1, 'hicieron,': 1, 'totalmente': 1, 'salido': 1, 'muestra': 1, 'tienen.': 1, 'hermosoArcangel': 1, 'mejor,': 1, 'subiÃ³': 1, 'fama': 1, 'â¤ï¸Grande': 1, 'luz.Bad': 1, 'escuchÃ©': 1, 'fiesta': 1, '20': 1, 'aÃ±os.': 1, 'Y': 1, 'estado': 1, 'lista': 1, 'reproducciÃ³n': 1, 'entonces.': 1, 'Ahora': 1, 'tengo': 1, '26,': 1, 'pronto': 1, '27.': 1, 'Orgulloso': 1, 'llegado.Activo': 1, 'Monterrey,': 1, 'ciudad': 1, 'cantar': 1, 'vivo': 1, 'ArcağŸ‘ï¸Los': 1, 'fallado': 1, 'tema.': 1, 'DeberÃ­an': 1, 'hacer': 1, 'juntos.': 1, 'Grande': 2, 'QUE': 2, 'hay': 2, 'ser': 2, 'lealtad': 2, 'devuelve': 2, 'ellos': 2, 'corazÃ³n': 2, 'dios': 2, 'Las': 2, 'tema,': 2, 'estÃ¡': 2, 'estuvo': 2, 'oficial': 2, 'Jumpa': 2, 'Tu': 2, 'vive': 2, 'tiene': 2, 'estÃ¡s': 2, 'gÃ©nero': 2, 'Austin': 2, 'son': 2, 'mejores': 2, 'hacen': 2, 'Ã¡lbum': 2, 'maravilla': 2, '1': 2, 'videos': 2, 'Santos': 2, '<a': 2, 'grandes': 2, 'pase': 2, 'sueÃ±o': 2, 'serÃ¡': 2, 'tanto': 2, 'yo': 2, 'esperaba': 2, 'las': 2, 'canciones': 2, 'concierto': 2, 'A': 2, 'hace': 2, 'sin': 2, 'quÃ©': 2, 'placer': 2, 'estamos': 2, 'mucho': 2, 'estas': 2, 'uno': 2, 'mejor': 2, 'Bunny,': 2, 'esta': 2, 'antes': 2, '.': 2, 'fallan': 2, 'olvidar': 2, 'nos': 2, 'pasaron': 2, 'leyenda': 2, 'El': 2, 'fue': 2, '100': 2, 'vez': 2, 'momento': 2, 'ahora': 2, 'gran': 2, 'monstruo': 2, 'arca': 3, 'Arcangel': 3, 'siendo': 3, 'mundo': 3, 'algÃºn': 3, 'mÃºsica': 3, 'tu': 3, 'seguirÃ©': 3, 'seguir': 3, 'vÃ­deo': 3, 'ya': 3, 'leyendas': 3, 'han': 3, 'respeto': 3, 'Benito': 3, 'cada': 3, 'muy': 3, 'al': 3, 'su': 3, 'donde': 3, 'amistad': 3, 'tema': 3, '2016': 3, ',': 3, 'eso': 3, 'ese': 3, 'sus': 3, '!!!': 3, 'bunny,': 4, 'firme': 4, 'Bunny': 4, 'dio': 4, 'dÃ­a': 4, 'cuando': 4, 'La': 4, 'ha': 4, 'hasta': 4, 'entre': 4, 'me': 4, '2': 4, 'final': 4, 'este': 4, 'parte': 4, 'salen': 4, 'primera': 4, 'siempre': 5, 'sacÃ³': 5, 'canciÃ³n': 5, 'ver': 5, 'mas': 5, 'artista': 6, 'como': 6, 'le': 6, 'mi': 6, 'todos': 6, 'nunca': 6, 'pero': 6, 'una': 6, 'por': 6, 'desde': 6, 'bad': 7, 'Bad': 7, 'te': 7, 'estos': 7, 'juntos': 7, 'dos': 7, 'video': 7, 'del': 9, 'lo': 13, 'no': 14, 'un': 15, 'con': 16, 'los': 16, 'es': 17, 'se': 19, 'a': 20, 'en': 26, 'la': 30, 'el': 31, 'y': 39, 'de': 41, 'que': 45}",https://i.ytimg.com/vi/ubbE6gyBf8k/default.jpg,Music,"['arcangel', 'bad bunny', 'bad bunny arcangel', 'arcangel bad bunny la jumpa', 'la jumpa bad bunny', 'bad bunny la jumpa video', 'video la jumpa bad bunny', 'bad bunny la jumpa arcangel', 'bad bunny la jumpa', 'arcangel la jumpa', 'la jumpa video', 'video oficial la jumpa', 'bad bunny arcangel la jumpa', 'bad bunny arcangel sr santos', 'arcangel bad bunny video la jumpa', 'la jumpa arca', 'arca y bad bunny', 'arca bad bunny', 'bad bunny mix 2023', 'arcangel bad bunny 2023', 'arcangel bad bunny', 'la jumpa arcangel']",2023-02-02T14:00:17Z,"Arcangel, Bad Bunny - La Jumpa
Descarga La Jumpa: https://rimas.ffm.to/lajumpa

SR. SANTOS ALBUM: https://rimas.io/SRSANTOS

SuscrÃ­bete al Canal: https://RIMAS.lnk.to/ArcangelYT

Redes Sociales:
https://twitter.com/arcangelprrra
https://www.instagram.com/arcangel/
https://www.facebook.com/yosoyarca/

#Arcangel #BadBunny #LaJumpa #SrSantos
Â© 2023 Rimas Entertainment","['#131211', '#9d9591', '#604e41', '#727e84', '#747c74']","['dark', 'warm', 'dark', 'dark', 'dark']",none,"{'A': 2, 'r': 1, 'c': 2, 'a': 5, 'n': 3, 'g': 1, 'e': 2, 'l': 2, ',': 1, ' ': 10, 'B': 2, 'd': 2, 'u': 2, 'y': 1, '-': 1, 'L': 1, 'J': 1, 'm': 1, 'p': 1, '(': 1, 'V': 1, 'i': 3, 'o': 1, 'O': 2, 'f': 1, ')': 1, '|': 1, 'S': 3, 'R': 1, '.': 1, 'N': 1, 'T': 1}",0,0.0%,15,15
The Sims 4 Growing Together Expansion Pack: Official Reveal Trailer,PT2M15S,The Sims,https://www.youtube.com/channel/UCFXKLSrT-4-Mf5TRqv40rgw,1770000,758754,56025,3477,"{'ICYMI': 1, 'Simmers!': 1, 'Infants': 1, 'available': 1, 'base': 1, 'March': 1, '14.': 1, 'ğŸ‘¶<br>Learn': 1, 'lifestage': 1, 'episode': 1, 'Behind': 1, 'Sims:': 1, 'href=""https://youtu.be/spC-n7rWp_k"">https://youtu.be/spC-n7rWp_k</a>': 1, 'âœ¨Please': 1, 'latelyThis': 1, 'ğŸ˜This': 1, 'essentially': 1, 'Generations': 1, 'which,': 1, 'opinion,': 1, '3.': 1, 'dynamics.': 1, 'Parenthood': 1, '4.': 1, 'mother': 1, 'children,': 1, 'vicariously': 1, 'honestly': 1, 'while,': 1, 'please': 1, 'downInteraction': 1, 'actions!This': 1, 'roommates': 1, '-': 1, 'looking': 1, 'seeing': 1, 'stream!This': 1, 'given': 1, 'amount': 1, 'program': 1, 'this,': 1, 'buggy': 1, 'past': 1, 'expansions.': 1, 'sims,': 1, 'Occult': 1, 'simmer.': 1, 'vampire': 1, 'legacy': 1, 'challenge': 1, 'rn': 1, 'act': 1, 'total': 1, 'strangers,': 1, 'especially': 1, 'towards': 1, 'famous': 1, 'uncle': 1, 'â€œattemptâ€': 1, 'every': 1, 'he': 1, 'visits': 1, 'ğŸ˜­I': 1, 'parent': 1, 'grandparent': 1, 'whomever,': 1, 'wholesome': 1, '!You': 1, 'guys': 1, 'photo': 1, 'album': 1, 'access': 1, 'put': 1, 'favorite': 1, 'eventually': 1, 'scrap': 1, 'book': 1, 'of.': 1, 'pull': 1, 'phone': 1, 'notes.': 1, 'refer': 1, 'document': 1, 'growth': 1, 'its': 1, 'lifetime': 1, 'prom': 1, 'senior': 1, 'portraits,': 1, 'graduation': 1, 'pictures,': 1, 'etc.': 1, 'action': 1, 'showing': 1, 'others.Families': 1, 'kind': 1, 'type': 1, 'game,': 1, 'dedicated': 1, 'that!': 1, 'ğŸ˜Š11': 1, 'am:': 1, 'puzzle': 1, '<br>2': 1, '<br>4': 1, 'aerobics': 1, 'Granny': 1, 'â˜‘Iâ€™m': 1, 'away': 1, 'chance': 1, 'communityâ€™s': 1, 'feedback.': 1, 'Honestly': 1, 'excited!': 1, 'solid': 1, 'thing': 1, 'bit': 1, 'bummed': 1, 'mention': 1, 'daycare': 1, 'babysitters.': 1, 'such': 1, 'opportunity': 1, 'active': 1, 'career.': 1, 'curious': 1, 'shakes': 1, 'out.In': 1, 'last': 1, 'year,': 1, 'stepped': 1, 'game!': 1, 'packs': 1, 'updates': 1, 'appreciate': 1, 'applied': 1, 'suggesting.': 1, 'With': 1, 'household': 1, 'members': 1, 'finally': 1, 'special': 1, 'unique': 1, 'memories': 1, 'actual': 1, 'family!': 1, 'After': 1, 'March,': 1, '4': 1, 'awesome!!': 1, 'â¤â¤â¤<br><br>P.S.': 1, '<br>Thank': 1, 'giving': 1, 'elements': 1, 'asking': 1, 'time.': 1, 'Also,': 1, 'realistic': 1, 'including': 1, 'infants.The': 1, 'made': 1, 'video': 1, '\U0001f979': 1, 'well.': 1, 'we&#39;ve': 1, 'ğŸ’šI': 1, 'suitcase': 1, 'they&#39;re': 1, 'days': 1, 'babyThings': 1, 'noticed': 1, 'glance:<br><br>1.': 1, 'HOME': 1, 'VIDEO': 1, 'CAMERA': 1, '!!!<br>2.': 1, 'Belly': 1, 'mats': 1, 'infants<br>3.': 1, 'Bicycle': 1, 'riding': 1, 'kids<br>4.': 1, 'Treehouse': 1, 'building!<br>5.': 1, 'showers<br>6.': 1, 'tables<br>7.': 1, 'Pillow': 1, 'fights': 1, '&amp;': 1, 'Sleepovers<br>8.': 1, 'Amazing': 1, 'infants<br>9.': 1, 'park!<br>10.': 1, 'Changing': 1, 'tables<br>&amp;': 1, 'that&#39;s': 1, 'some': 1, 'it!!Oh': 1, 'seems,': 1, 'SIMS': 1, 'TEAM': 1, 'PLEASE': 1, 'DONT': 1, 'LET': 1, 'US': 1, 'DOWN!!!': 1, '&lt;3I': 1, 'extended': 1, 'immediate': 1, 'great.': 1, 'households': 1, 'thatâ€™s': 1, 'exciting.I': 1, 'ainâ€™t': 1, 'smiled': 1, 'hard': 1, 'content': 1, 'before.': 1, 'beautiful!': 1, 'Parents': 1, 'visiting,': 1, 'excited!!ğŸ˜‚This': 1, 'because': 1, 'usually': 1, 'generations': 1, 'hw': 1, 'club': 1, 'thisThe': 1, 'loose': 1, 'teeth,': 1, 'kiss': 1, 'toddler': 1, 'siblings': 1, 'forehead,': 1, 'living': 1, 'community/rec': 1, 'center*,': 1, 'THERE&#39;S': 1, 'MUCH': 1, 'AM': 1, 'LOVING': 1, 'EVERY': 1, 'BIT': 1, 'OF': 1, 'IT.Love': 1, 'filmed': 1, 'video.': 1, 'venue': 1, 'funeralsThis': 1, 'AMAZING!': 1, 'treehouses.<br>Did': 1, 'y&#39;all': 1, 'PIANO': 1, 'href=""https://www.youtube.com/watch?v=2cnHYMrxAhc&amp;t=1m22s"">1:22</a>': 1, '?Iâ€™m': 1, 'preorder': 1, 'one.': 1, 'creators': 1, 'listening': 1, 'fans.': 1, 'â¤Please': 1, 'latelysmall': 1, 'saw:<br>-We': 1, 'pick': 1, 'hug': 1, 'WHILE': 1, 'back<br>-Elder': 1, 'walking': 1, 'team<br>-New': 1, 'ages': 1, 'interactions<br>-Toddlers': 1, 'kick': 1, 'now,': 1, 'menaces': 1, 'are!ğŸ˜‚<br>-Old/older': 1, 'gameplay;': 1, 'give': 1, 'grandkids': 1, 'candy<br>-': 1, 'Teach': 1, '<br>-I': 1, 'aunts/uncles': 1, 'cousins?': 1, '(Seems': 1, 'hinted)<br>-': 1, 'popping': 1, 'balloons': 1, 'someone': 1, 'sleeping': 1, 'bag<br>-New': 1, 'scars/genetic': 1, 'additions<br>-': 1, 'EVERYTHINGâ¤â¤â¤â¤<br><br>I': 1, 'expand': 1, 'tree': 1, 'system': 1, 'packâ¤This': 1, 'adorable.I': 1, 'Looks': 1, 'familyI': 1, 'off': 1, 'whoever,': 1, 'wholesome!i': 1, 'express': 1, 'enough': 1, 'iâ€™ve': 1, 'game.': 1, 'escape': 1, 'ptsd': 1, 'anxiety,': 1, 'years.': 1, 'apart': 1, 'kid,': 1, 'iâ€™m': 1, 'truly': 1, 'this.': 1, 'tysm': 1, 'making': 1, 'nostalgic!': 1, 'reminds': 1, '2': 1, 'dynamics': 1, 'toddlers,': 1, 'teens,': 1, 'included': 1, 'mix.': 1, 'seems': 1, 'each': 1, 'group': 1, 'stand': 1, 'one': 1, 'meaningful': 1, 'gameplay.': 1, 'turns': 1, 'true': 1, 'ğŸ’“This': 1, 'me.': 1, 'Even': 1, 'nightlife': 1, 'packs,': 1, 'supernatural': 1, 'stuff': 1, 'pets.': 1, 'At': 1, 'all,': 1, 'create': 1, 'families': 1, 'life.': 1, 'waitMeu': 1, 'Deus,': 1, 'estou': 1, 'em': 1, 'Ãªxtase': 1, 'com': 1, 'esse': 1, 'lanÃ§amento,': 1, 'e': 1, 'nÃ£o': 1, 'teria': 1, 'dia': 1, 'melhor': 1, 'para': 1, 'ser': 1, 'disponibilizado': 1, 'logo': 1, 'aniversÃ¡rio': 1, 'de': 1, 'mamÃ£e': 1, 'ğŸ¥°ğŸ¥°ğŸ’šInteraction': 1, 'actions!Super': 1, '<br><br>Also,': 1, 'done': 1, 'want': 1, 'ğŸ™': 1, 'maybe?This': 1, 'good!!': 1, 'From': 1, 'building': 1, 'seeingâ€¦': 1, 'wait!This': 1, 'ğŸ˜I&#39;m': 1, 'emotional': 1, 'watching': 1, 'out,': 1, 'elementary.': 1, 'played': 1, 'thoughts': 1, 'hoping': 1, 'build': 1, 'Sims,': 1, 'happiness': 1, 'stopped': 1, 'ago': 1, 'got': 1, 'bills': 1, 'pay,': 1, 'play.': 1, 'Fast': 1, '2023,': 1, 'late': 1, '20s,': 1, '5-month': 1, 'old': 1, 'baby.': 1, 'ironic': 1, 'comes': 1, 'midst': 1, 'parent.': 1, 'All': 1, 'features': 1, 'realistic.': 1, 'fully': 1, 'relate': 1, 'do..': 1, 'pretty': 1, 'Hoping': 1, 'this!This': 1, 'awesome!': 1, 'So': 1, 'happy': 1, 'centric': 1, 'players!': 1, 'wonderful!This': 1, 'date,': 1, 'I&quot;m': 1, 'excited!!!I': 1, 'this!!!!!!': 1, 'soooo': 1, 'cute!!!!': 1, 'haven&#39;t': 1, 'EP': 1, 'sooo': 1, 'â™¥â™¥â™¥â™¥I': 1, 'there&#39;s': 1, 'interaction': 1, 'your': 1, 'back': 1, 'holder,': 1, 'mat,': 1, 'teaching': 1, 'bike': 1, 'ride.': 1, 'Love': 1, 'it<a': 1, 'href=""https://www.youtube.com/watch?v=2cnHYMrxAhc&amp;t=0m26s"">0:26</a>': 1, 'precious': 1, 'bc': 1, 'picture': 1, 'waterpark': 1, 'exactly': 1, 'ğŸ¥°This': 1, 'freaking': 1, 'verge': 1, 'tears.': 1, 'Afro': 1, 'textured': 1, 'hair': 1, 'ğŸ¥²so': 1, 'wonderful.': 1, 'remember': 1, 'two': 1, 'styles': 1, 'chose': 1, 'had': 1, 'mods': 1, 'order': 1, 'everyone': 1, 'else.': 1, 'feels': 1, 'inclusive.': 1, 'Good': 1, 'job.New': 1, 'spotted:<br>.': 1, 'NEW': 1, 'WORLD': 1, '(San': 1, 'Sequoia)<br>.': 1, 'Doing': 1, 'puzzles': 1, 'activity<br>.': 1, 'centre': 1, 'community': 1, 'lots': 1, '(?)<br>.': 1, 'Picture': 1, 'wall': 1, 'drawings<br>.': 1, 'Cinema': 1, 'rabbit': 1, 'hole': 1, '(Presumably)<br>.': 1, 'Sleepovers<br>.': 1, 'Sleeping': 1, 'Bags<br>.': 1, 'Rocketship': 1, 'item': 1, '(Maybe': 1, 'build-able?)<br>.': 1, 'WATERPARK!<br>.': 1, 'infants<br>.': 1, 'Learning': 1, 'ride': 1, 'bikes<br>.': 1, 'carriers<br>.': 1, 'Balloon': 1, 'wakeup': 1, 'prank<br><br>.': 1, 'Losing': 1, 'teeth': 1, 'gaining': 1, 'pocket': 1, 'money<br>.': 1, 'Build-able': 1, 'treehouses<br>.': 1, 'Confetti': 1, 'cannons<br>.': 1, 'Birthday': 1, 'gift': 1, 'giving<br>.': 1, 'rocking': 1, 'chairs<br>.': 1, 'jog': 1, '(Power': 1, 'walking)<br>.': 1, 'Grand': 1, '(Suitcase)<br>.': 1, 'Domino': 1, 'board': 1, 'game<br>.': 1, 'knowing': 1, 'use': 1, 'lol<br>.': 1, 'PicnicsI&#39;m': 1, '20': 1, 'oldddddddddd!ğŸ˜‚ğŸ˜‚ğŸ˜‚ğŸ˜‚ğŸ˜‚Iâ€™m': 1, 'after': 1, 'failure': 1, 'My': 1, 'Wedding': 1, 'Stories,': 1, 'Highschool': 1, 'cant': 1, 'helo': 1, 'YES': 1, 'amazing,': 1, 'coming,': 1, 'Iâ€™ve': 1, 'waiting': 1, 'BUT': 1, 'WORK?': 1, 'yet': 1, 'again': 1, 'fluff': 1, 'filled': 1, 'bugs': 1, 'unplayable?': 1, 'ğŸ˜“I': 1, 'relatives': 1, '...': 1, 'sometimes': 1, 'sad,': 1, 'grown': 1, 'up,': 1, 'interaction,': 1, 'that.': 1, 'cousins,': 1, 'aunts,': 1, 'siblings,': 1, 'adults,': 1, 'I&#39;d': 1, 'that.I&#39;m': 1, 'needed': 1, 'lively,': 1, 'doesnt': 1, 'stories': 1, 'those': 1, 'were': 1, 'disappointing.': 1, 'don&#39;t': 1, 'style': 1, 'doesn&#39;t': 1, 'might': 1, 'that.This': 1, 'trailers': 1, 'ever': 1, 'seen\U0001f979': 1, 'treehouses,': 1, 'bikes': 1, 'kids,': 1, 'puzzles,': 1, 'helping': 1, 'elders,': 1, 'walks': 1, ',': 1, 'â€¦': 1, 'together': 1, 'wait,': 1, 'free': 2, 'update': 2, '<a': 2, 'wanting!': 2, 'hopefully': 2, 'nice': 2, 'rural': 2, 'towns': 2, 'rather': 2, 'than': 2, 'house': 2, 'together!': 2, 'helped': 2, 'enjoy': 2, 'probably': 2, 'never': 2, 'through': 2, 'â¤ï¸This': 2, 'trailer': 2, 'donâ€™t': 2, 'us': 2, 'stages': 2, 'infants': 2, 'interact': 2, 'IRL': 2, 'instead': 2, 'random': 2, 'do': 2, 'right': 2, 'forward': 2, 'being': 2, 'AND': 2, 'into': 2, 'hand': 2, 'gesture': 2, 'sweet': 2, 'should': 2, 'photos': 2, 'would': 2, 'fun': 2, 'record': 2, 'sim': 2, 'wedding': 2, 'â˜‘': 2, 'pm:': 2, 'park': 2, 'coming': 2, 'definitely': 2, 'pack.': 2, 'good': 2, 'amazing': 2, 'what': 2, 'them': 2, 'home': 2, 'work': 2, 'It&#39;s': 2, 'grandparents': 2, 'holding': 2, 'stay': 2, 'A': 2, 'Baby': 2, 'interactions': 2, 'come': 2, 'visit': 2, 'other': 2, 'more.': 2, 'cute!': 2, 'age': 2, 'elders': 2, 'JUST': 2, 'SO': 2, 'lot': 2, 'little': 2, 'technology': 2, 'carry': 2, 'around': 2, 'real': 2, 'canâ€™t': 2, 'am': 2, 'way': 2, 'came': 2, 'another': 2, 'even': 2, 'end': 2, 'full': 2, 'can&#39;t': 2, 'high': 2, 'school': 2, 'teens': 2, 'items': 2, 'trailer.': 2, 'family.': 2, 'adult': 2, 'now.': 2, 'find': 2, 'wait': 2, 'cutest': 2, 'New': 2, 'Old': 2, 'Or': 2, 'wish': 2, 'cause': 2, 'cannot': 2, 'first': 3, 'let': 3, 'I&#39;ve': 3, 'And': 3, 'world': 3, 'proper': 3, 'who': 3, 'live': 3, 'best': 3, 'younger': 3, 'amazing!': 3, 'children': 3, 'babies': 3, 'it&#39;s': 3, 'cute': 3, 'gameplay': 3, 'only': 3, 'team': 3, 'few': 3, 'Family': 3, 'literally': 3, 'photos,': 3, 'always': 3, 'glad': 3, 'water': 3, 'has': 3, 'feel': 3, 'pack,': 3, 'long': 3, 'think': 3, 'fact': 3, 'toddlers': 3, 'able': 3, 'This': 3, 'since': 3, 'parents': 3, 'but': 3, 'about': 4, 'change': 4, 'makes': 4, 'bunch': 4, 'not': 4, 'between': 4, 'get': 4, 'are': 4, 'our': 4, 'could': 4, 'up': 4, 'over': 4, 'there': 4, 'see': 4, 'no': 4, 'their': 4, 'you': 4, 'things': 4, 'wanted': 4, 'play': 4, 'people': 4, 'i': 4, 'when': 4, 'years': 4, 'from': 5, 'actually': 5, 'going': 5, 'or': 5, 'at': 5, 'everything': 5, 'on': 6, 'The': 6, 'me': 6, 'playing': 6, 'life': 6, 'an': 6, 'baby': 6, 'much': 6, 'kids': 6, 'game': 7, 'more': 7, 'expansion': 7, 'all': 7, 'look': 7, 'I&#39;m': 7, 'now': 7, 'time': 7, 'itâ€™s': 7, 'Iâ€™m': 7, 'make': 7, 'out': 7, 'It': 7, 'as': 8, 'was': 8, 'they': 8, 'Sims': 8, 'just': 9, 'how': 9, 'excited': 9, 'will': 10, 'we': 10, 'been': 11, 'really': 11, 'pack': 12, 'hope': 12, 'it': 13, 'love': 13, 'can': 13, 'sims': 14, 'my': 14, 'new': 15, 'be': 16, 'looks': 16, 'family': 17, 'is': 17, 'have': 18, 'with': 18, 'in': 22, 'that': 22, 'of': 24, 'this': 24, 'for': 24, 'like': 26, 'so': 31, 'and': 35, 'a': 44, 'to': 47, 'I': 50, 'the': 75}",https://i.ytimg.com/vi/2cnHYMrxAhc/default.jpg,Gaming,"['The Sims 4', 'The Sims 4 Growing Together', 'Sims 4 Growing Together', 'Growing Together', 'Growing Together Expansion Pack', 'Expansion Pack', 'The Sims 4 Expansion Pack', 'Build/Buy', 'The Sims 4 Gameplay', 'Sims 4', 'Sims 4 Gameplay', 'Gameplay', 'TS4', 'TS4 Gameplay', 'The Sims Gameplay', 'The Sims Trailer', 'Game', 'Gamer', 'Games', 'Video Games', 'PC', 'Mac', 'Xbox One', 'PlayStation 4', 'TheSims4', 'The Sims', 'Sims', 'Maxis', 'Life Simulation', 'Life Simulator', 'Simlish', 'EA', 'Electronic Arts', 'Official Trailer', 'The Sims (Video Game)']",2023-02-02T16:00:11Z,"Live a life full of important choices, memorable milestones, and dynamic relationships in The Simsâ„¢ 4 Growing Together Expansion Pack*, launching March 16 at 10 a.m. PT. Pre-order or buy through April 27 and get the Outdoor Playtime Digital Content**! (This content will become available when the pack launches.)
 
Settle in San Sequoia, a bustling town with historic roots, and live a rich family life full of sleepovers, drama, and self-discovery. Let your parents move in with you â€“ or donâ€™t â€“ and see how that affects your relationships. Navigate a midlife crisis and come out with new personality traits. Meet a stranger and have instant chemistry â€“ or instant friction. Thereâ€™s a lot to experience, together.
 
Available March 16 at 10 a.m. PT on Origin PC/Mac, Steam, Xbox One, Xbox Series X|S, PlayStationÂ®4, and PlayStationÂ®5.
 
Pre-order now: https://www.ea.com/games/the-sims/the-sims-4/store/addons/the-sims-4-growing-together
 
*Requires The Sims 4 & all game updates. For PC, see minimum system requirements for the pack.

**CONDITIONS AND RESTRICTIONS APPLY. See https://www.ea.com/games/the-sims/the-sims-4/store/addons/the-sims-4-growing-together for details

#sims4 #growingtogether #TheSims4GrowingTogether","['#bcbaba', '#122728', '#38dfdc', '#408080', '#6894a6']","['warm', 'dark', 'cool', 'dark', 'dark']",horizontal,"{'T': 3, 'h': 2, 'e': 6, ' ': 9, 'S': 1, 'i': 6, 'm': 1, 's': 2, '4': 1, 'G': 1, 'r': 4, 'o': 3, 'w': 1, 'n': 3, 'g': 2, 't': 1, 'E': 1, 'x': 1, 'p': 1, 'a': 5, 'P': 1, 'c': 2, 'k': 1, ':': 1, 'O': 1, 'f': 2, 'l': 3, 'R': 1, 'v': 1}",0,0.0%,9,9
JayDaYoungan - Goodbye [Official Music Video],PT2M51S,JayDaYoungan â€¢,https://www.youtube.com/channel/UCihfR9bbPcwuMS5Y7Uxc5dw,1400000,174802,21881,2303,"{'Rip': 1, 'FREEFGAH': 1, 'MANO': 1, 'ğŸ˜­ğŸ˜­ğŸ˜­ğŸ˜­ğŸ˜­': 1, 'ESSA': 1, 'TEVE': 1, 'COMO': 1, 'CHORAR,': 1, 'DESCANSE': 1, 'EM': 1, 'PAZ': 1, 'SEMPRE': 1, 'VAI': 1, 'SER': 1, 'LEMBRADO': 1, 'ğŸ™ğŸ•ŠğŸ•ŠğŸ’œğŸ’œğŸ’œR.I.P': 1, 'jamais': 1, 'serÃ¡': 1, 'esquecido': 1, 'ğŸ•ŠğŸ–¤': 1, 'href=""http://www.youtube.com/results?search_query=%23ll23"">#LL23</a>His': 1, 'flow': 1, 'Adapting': 1, 'ğŸ”¥,': 1, 'trying': 1, 'better': 1, 'honestly': 1, 'showed': 1, 'true': 1, 'developed': 1, 'own': 1, 'style': 1, 'didnâ€™t': 1, 'need': 1, 'copy': 1, 'ğŸ’¯Straight': 1, 'ğŸ˜“ğŸ–¤Hearing': 1, 'brought': 1, 'back': 1, 'down': 1, 'things': 1, 'it&#39;s': 1, 'hard': 1, 'then': 1, 'seeing': 1, 'artists': 1, 'anymore': 1, 'either.': 1, 'checks': 1, 'people': 1, 'imma': 1, 'stay': 1, 'playing': 1, 'yo': 1, 'musicGone': 1, 'forgottenğŸ’”<br>We': 1, 'jayThis': 1, 'hit': 1, 'wonâ€™t': 1, 'classics': 1, 'great': 1, 'soul': 1, 'ğŸ’ğŸ’ğŸ’ğŸ™ğŸ’¯ğŸ’¯LLJayDaYoungan': 1, 'href=""http://www.youtube.com/results?search_query=%23big23"">#Big23</a>EVER': 1, 'ğŸ¤§This': 1, 'young': 1, 'gifted': 1, 'much': 1, 'potential.': 1, 'him,': 1, 'You': 1, 'hearts!This': 1, 'crying': 1, 'remembered': 1, 'dieR.I.P': 1, 'JayDaYoungan.': 1, 'Your': 1, 'â¤ï¸ğŸ™ğŸ¾We': 1, 'jay.': 1, 'Shit': 1, 'ainâ€™t': 1, 'ever': 1, 'finna': 1, 'same': 1, 'ğŸ’™LL23ğŸ•Šï¸Gone': 1, 'forgottenğŸ’”': 1, '<br>We': 1, 'jayRIP': 1, '23JAYDAYOUNGAN!ğŸ–¤': 1, 'MADE': 1, 'href=""http://www.youtube.com/results?search_query=%23legend"">#legend</a>ğŸ”¥ğŸ”¥ğŸ”¥ğŸ¤ğŸ¾ğŸ•Šï¸One': 1, '..': 1, 'keeping': 1, 'aliveâ¤ï¸I': 1, 'youâ€™re': 1, 'lot,': 1, 'master': 1, 'piecesğŸ’”': 1, 'u': 1, 'dawgMad': 1, 'respect': 1, 'putting': 1, 'bullshit': 1, 'features': 1, 'albumWE': 1, 'MISS': 1, 'GANG': 1, 'ğŸ¥ºğŸ¥ºğŸ¥ºğŸ’”': 1, 'HURTS': 1, 'MY': 1, 'SOUL!!Being': 1, 'ts': 1, 'tested': 1, 'watching': 1, 'wouldâ€™ve': 1, 'gotten': 1, 'chance': 1, 'attend': 1, 'concerts': 1, 'â¤': 1, 'did': 1, 'disappoint': 1, 'took': 1, 'href=""http://www.youtube.com/results?search_query=%23forever23"">#Forever23</a>NEVER': 1, 'ğŸ¤§Rip': 1, 'FREEFGShit': 1, 'tear': 1, 'listening': 1, 'started': 1, 'had': 1, 'whole': 1, 'life': 1, 'ahead': 1, 'kids': 1, 'shouldn&#39;t': 1, 'early': 1, 'rap': 1, 'violence': 1, 'needs': 1, 'come': 1, 'end': 1, 'many': 1, 'dying': 1, 'why': 1, 'beef': 1, 'both': 1, 'already': 1, 'living': 1, 'good.': 1, 'ğŸ’”ğŸ•ŠLong': 1, 'ğŸ˜¢ğŸ•Šï¸Been': 1, 'supporter': 1, 'Ruffway': 1, 'itâ€™s': 1, 'unreal': 1, 'weâ€™ll': 1, 'hear': 1, 'any': 1, 'new': 1, 'ğŸ˜': 1, 'Forever23': 1, '2x': 1, 'ğŸ™ğŸ¾playing': 1, 'it': 1, '6': 1, 'years': 1, 'pops': 1, 'dropped': 1, 'thank': 1, 'bih': 1, 'ğŸ”¥I': 1, 'hate': 1, 'isnâ€™t': 1, 'reap': 1, 'bruh!': 1, 'homie': 1, 'ğŸ•Šï¸ğŸ•Šï¸ğŸ•Šï¸ğŸ”¥ğŸ”¥ğŸ”¥ğŸ”¥ğŸ”¥ğŸ’¯ğŸ’¯': 1, 'THIS': 1, 'SADD': 1, 'AF': 1, 'YA': 1, 'HEARD': 1, 'ME': 1, 'ğŸ˜ğŸ˜ğŸ’¯ğŸ’¯ğŸ•Šï¸ğŸ•Šï¸ğŸ•Šï¸2ï¸âƒ£3ï¸âƒ£': 1, 'Iâ€™m': 1, 'beat': 1, 'gets': 1, 'ğŸ˜¢ğŸ˜¢Gone': 1, 'JAYDAYOUNGAN': 1, 'ğŸ•Šï¸ğŸ•Šï¸ğŸ’™ğŸ¤Every': 1, 'single': 1, 'ğŸ”¥ğŸ”¥ğŸ”¥<br><a': 1, 'href=""http://www.youtube.com/results?search_query=%23longlive23"">#longlive23</a>One': 1, 'them': 1, 'tunes': 1, 'release': 1, 'listen': 1, 'again.': 1, '<br>Rest': 1, 'JAY': 1, '<br>FOREVER23<br>â¤ğŸ–¤Thank': 1, 'thru': 1, 'hardest': 1, 'lifeğŸ˜“ğŸ’”': 1, 'Big': 1, '23ğŸ˜”ğŸRip': 1, 'ğŸ': 1, 'its': 1, 'me,': 1, 'wasnâ€™t': 1, 'supposed': 1, 'go': 1, 'yet': 1, 'ğŸ˜¢': 1, 'doesnâ€™t': 1, 'feel': 1, 'realRip': 1, 'jaydayoungan': 1, 'god': 1, 'bless': 1, 'sees': 1, 'thisRest': 1, 'folks.': 1, 'Made': 1, 'Lot': 1, 'memories': 1, 'musicâ˜ğŸ¾': 1, 'Iâ€™ll': 1, 'continue': 1, 'more.': 1, 'upğŸ™ğŸ¾ğŸ™ğŸ¾We': 1, 'jay,': 1, 'much,': 1, 'feels': 1, 'dream': 1, 'found': 1, 'news,': 1, 'fly': 1, 'high': 1, 'broğŸ’”ğŸ™ğŸ»Rip': 1, 'definitely': 1, 'FOREVER23': 1, 'ğŸ’”This': 1, 'bout': 1, 'blow': 1, 'ğŸ’¯': 1, 'Mr': 1, 'ğŸ•ŠğŸ•ŠğŸ•ŠğŸ¤Man': 1, 'ğŸ˜¢.': 1, 'Glad': 1, 'blessed': 1, 'us': 1, 'voice': 1, 'I&#39;m': 1, 'glad': 1, 'passed': 1, 'goat': 1, 'ğŸ.': 1, 'can': 1, 'here.': 1, 'repeat': 1, 'href=""http://www.youtube.com/results?search_query=%23louisianarapper"">#Louisianarapper</a>always': 1, 'gon': 1, 'heart.': 1, 'â¤ï¸Legend,': 1, 'forget': 1, 'treated': 1, '&amp;': 1, 'family.': 1, 'So': 1, 'underrated,': 1, 'ğŸ™ğŸ½â¤ï¸RIP': 1, 'king': 1, 'ğŸ¸': 1, 'gonna': 1, 'forever,you': 1, 'left': 1, 'legacy': 1, 'cherish': 1, 'it.': 1, 'â¤ğŸ–¤ğŸ¤Long': 1, '23<br>He': 1, 'would&#39;ve': 1, 'wise': 1, '20232ï¸âƒ£3ï¸âƒ£ğŸ¦…Heart': 1, 'goes': 1, 'enjoy': 1, 'â¤ï¸': 1, 'ğŸ•ŠStill': 1, 'it..': 1, 'dropped.': 1, 'Sending': 1, 'blessings': 1, 'condolences': 1, 'fans!This': 1, 'video': 1, 'hits': 1, 'â€¼ï¸ğŸ™Œ': 1, 'THE': 1, 'GREATEST': 1, 'ğŸ’¯The': 1, '!!!': 1, 'We': 1, 'long': 1, 'live': 1, 'legend': 1, 'ğŸ’›ğŸ’›ğŸ’›': 1, 'peacefully.to': 1, 'fans': 1, 'liked': 1, 'heâ€™s': 1, 'ğŸ™ğŸ•Šï¸Gone': 1, 'ğŸ•Šï¸<a': 1, 'href=""http://www.youtube.com/results?search_query=%23longlive23"">#longlive23</a>I': 1, 'NEVER': 1, 'THOUGHT': 1, 'HE': 1, 'WAS': 1, 'GON': 1, 'OUT': 1, 'LIKE': 1, 'DIS': 1, 'ALOT': 1, 'OF': 1, 'THINGS': 1, 'HAPPENED': 1, 'WILL': 1, 'ALWAYS': 1, 'MISSEDğŸ•ŠğŸ˜”ğŸ˜”ğŸ•ŠğŸ•ŠğŸ•ŠğŸ•ŠğŸ•ŠğŸ•ŠCrazy': 1, 'ğŸ•Šï¸ğŸ™ğŸ½ğŸ”¥Rip': 1, 'ğŸ’š': 1, 'tough': 1, 'He': 2, 'Had': 2, 'A': 2, 'lot': 2, 'Love': 2, 'rapper': 2, 'LL23ğŸ•ŠğŸ’™': 2, 'Jaydayoungan': 2, 'get': 2, 'every': 2, 'fan': 2, 'how': 2, 'no': 2, 'big': 2, 'going': 2, 'today': 2, 'here': 2, 'hope': 2, 'everyone': 2, 'LL23': 2, 'different': 2, 'knowing': 2, 'more': 2, 'from': 2, 'FORGOTTEN': 2, 'WASN&#39;T': 2, 'SUPPOSED': 2, 'HIS': 2, 'TIME': 2, 'CRAZY': 2, 'HOW': 2, 'WORKS': 2, 'brother': 2, 'so': 2, 'Jay.': 2, '.': 2, 'legends': 2, 'name': 2, 'greatest': 2, 'hurt': 2, 'make': 2, 'team': 2, 'SHIT': 2, 'blew': 2, 'wish': 2, 'made': 2, 'fr': 2, 'an': 2, 'Gone': 2, 'death': 2, 'album': 2, 'jay': 2, 'fruits': 2, 'labor': 2, 'Rest': 2, 'helped': 2, 'times': 2, 'Long': 2, 'crazy': 2, 'may': 2, 'who': 2, 'ğŸ¶': 2, 'R.I.P': 2, 'BUT': 2, 'JayDaYoungan': 3, 'favorite': 3, 'time': 3, 'NÃƒO': 3, 'was': 3, 'one': 3, 'through': 3, 'some': 3, 'real': 3, 'they': 3, 'IT': 3, 'BE': 3, 'GO': 3, 'ITS': 3, 'LIFE': 3, 'rest': 3, 'out': 3, 'got': 3, 'ğŸ•Šï¸': 3, 'YOU': 3, 'bro': 3, 'shit': 3, 'for': 3, 'before': 3, 'with': 3, 'him': 3, 'like': 3, 'have': 3, 'when': 3, 'over': 3, 'year': 3, 'Jay': 3, 'RIP': 3, 'family': 3, 'missed': 3, 'believe': 4, 'gone': 4, 'song': 4, 'not': 4, 'TO': 4, 'really': 4, 'easy': 4, 'forever': 4, 'love': 4, 'up': 4, 'since': 4, 'still': 5, 'canâ€™t': 5, '<a': 5, 'just': 5, 'been': 5, 'Live': 5, 'that': 5, 'forgotten': 5, 'always': 6, 'be': 6, 'ğŸ’”': 6, 'in': 6, 'this': 7, 'on': 7, 'but': 7, 'a': 7, 'my': 8, 'all': 8, 'me': 8, 'miss': 8, 'we': 8, 'will': 9, 'never': 9, '23': 10, 'your': 10, 'the': 11, 'he': 12, 'of': 12, 'I': 12, 'music': 12, 'his': 13, 'and': 18, 'to': 20, 'you': 21}",https://i.ytimg.com/vi/s1mSb5yLp18/default.jpg,Music,"['JayDaYoungan', 'jaydayoungan', 'jdy', 'new orleans', 'south', 'southern', 'hiphop', 'rap', 'hip hop', 'official', 'music video', 'mulatto', 'touch your toes', 'toes', '23 island', 'big23', 'ruffwayy', 'JayDaYoungan Baby23', 'JDY Baby23', 'Baby 23', 'Kevin Gates', 'Mulatto', 'Touch Your Toes', '38K diss', '38K', 'JayDaYoungan 38K', 'Jay Da Youngan', 'JDY', '23island', 'missing you', 'heartbeatz', 'official music video', 'thot thot', 'interstate', 'elimination', 'JayDaYoungan Shottas', 'Shottas', 'Iron Slang', 'Draco', 'Step', 'Perky Activated', 'Nightmares', '10 for 10']",2023-02-03T02:00:07Z,"JayDaYoungan - Goodbye
'Forever 23 2x' album out now!
Stream/Download: https://JayDaYoungan.lnk.to/232x
Video directed by 9Films
Track produced by Heartbeatz

Shop JayDaYoungan Merchandise: https://www.shopjaydayoungan.com/store/

Follow JayDaYoungan
https://www.instagram.com/jaydayoungan/
https://twitter.com/JayDaYoungan/
https://www.facebook.com/jaydayounganmusic/
https://soundcloud.com/jaydayoungan

#JayDaYoungan #goodbye #forever23","['#e5e6e3', '#929c8c', '#0f100f', '#6d685d', '#4e6c8e']","['cool', 'cool', 'dark', 'dark', 'dark']",horizontal,"{'J': 1, 'a': 4, 'y': 2, 'D': 1, 'Y': 1, 'o': 4, 'u': 2, 'n': 2, 'g': 1, ' ': 5, '-': 1, 'G': 1, 'd': 2, 'b': 1, 'e': 2, '[': 1, 'O': 1, 'f': 2, 'i': 4, 'c': 2, 'l': 1, 'M': 1, 's': 1, 'V': 1, ']': 1}",0,0.0%,7,7
Meek Mill - Don't Follow The Heathens Freestyle,PT3M46S,Meek Mill,https://www.youtube.com/channel/UC9HlWVtENbiMQzVRmnbJxtw,5220000,308911,30484,2269,"{'When': 1, 'mode': 1, 'goes': 1, 'ğŸ”¥ğŸ”¥ğŸ‡°ğŸ‡ªWe': 1, 'album.': 1, 'an': 1, 'album': 1, 'championships.': 1, 'Still': 1, 'Repeat': 1, 'till': 1, 'day.': 1, '<br><br>We': 1, 'sample': 1, 'singing': 1, 'voices': 1, 'background': 1, 'spitting': 1, 'talk.': 1, '<br><br>Like': 1, 'if': 1, 'agree<br>ğŸ‘‡ğŸ½He': 1, 'go': 1, 'People': 1, 'hate': 1, 'him': 1, 'because': 1, 'threatened': 1, 'hunger.': 1, 'The': 1, 'industry': 1, 'does': 1, 'want': 1, 'rapper': 1, 'motivates': 1, 'poor.MeeK': 1, 'teacher': 1, 'me...': 1, 'alot': 1, 'things': 1, 'hood': 1, 'me....': 1, 'Love': 1, 'Nigeria': 1, 'ğŸ‡³ğŸ‡¬He': 1, 'finished': 1, 'kept': 1, 'going.....': 1, 'another': 1, 'level': 1, 'mental': 1, 'space': 1, 'rest': 1, 'rappersğŸ”¥ğŸ”¥ğŸ”¥ğŸ”¥ğŸ”¥ğŸ”¥ğŸ”¥When': 1, 'inspired': 1, 'asf.': 1, 'ğŸ”¥Imagine': 1, 'being': 1, 'rich': 1, 'talented': 1, 'hungerğŸ˜¤PhenomenalğŸ”¥No': 1, 'swag': 1, 'trappers': 1, 'viral': 1, 'using': 1, '<b>hip': 1, 'views</b>': 1, 'views': 1, 'Thumbs': 1, 'agreeğŸ”¥ğŸ”¥ğŸ”¥': 1, 'should': 1, 'mentioned': 1, 'Cole,': 1, 'drake': 1, 'Kendrick.': 1, 'lyrical': 1, 'ability': 1, 'underrated': 1, 'plus': 1, 'story': 1, 'isnâ€™t': 1, 'fabricated': 1, 'lot': 1, 'street': 1, 'rappers.': 1, 'Twitter': 1, 'antics': 1, 'dented': 1, 'social': 1, 'media': 1, 'said': 1, 'Heâ€™ll': 1, 'remembered': 1, 'greats': 1, 'ğŸ†He': 1, 'release': 1, 'something': 1, 'Apple': 1, 'Music': 1, 'year.': 1, 'And': 1, 'Iâ€™ve': 1, 'jam': 1, 'new': 1, 'whip.IM': 1, 'NOT': 1, 'EVEN': 1, 'FAN': 1, 'BUT': 1, 'GAVE': 1, 'ME': 1, 'GOOSEBUMPS': 1, 'HE': 1, 'KILLED': 1, 'SHIT': 1, 'ğŸ”¥ğŸ”¥ğŸ”¥ğŸ”¥ğŸ”¥ğŸ”¥ğŸ”¥man': 1, 'has': 1, 'gems': 1, 'wisdom': 1, 'independent<br>ğŸ”¥ğŸ”¥ğŸ”¥ğŸ”¥NEVER': 1, 'LOSE': 1, 'HUNGER': 1, 'MEEKâ€¦': 1, 'fan': 1, 'yours': 1, 'Bloodhoundz.&quot;This': 1, 'ğŸ˜¢ğŸ”¥ğŸ”¥ğŸ”¥ğŸ”¥ğŸ”¥ğŸ”¥ğŸ”¥ğŸ”¥ğŸ”¥ğŸ”¥ğŸ”¥ğŸ”¥ğŸ”¥ğŸ”¥ğŸ”¥ğŸ”¥ğŸ”¥Killed': 1, '.....<a': 1, 'href=""http://www.youtube.com/results?search_query=%23meekflightz"">#MeekFLIGHTZ</a>Album': 1, 'this!': 1, 'auto': 1, 'tune': 1, 'Meek!': 1, 'Just': 1, 'classics!One': 1, 'artist': 1, '13': 1, 'strongâ€¦ğŸ”¥ğŸ”¥ğŸ”¥ğŸ”¥ğŸ”¥ğŸ”¥ğŸ”¥ğŸ”¥ğŸ”¥ğŸ”¥ğŸ”¥ğŸ”¥ğŸ”¥': 1, 'harder': 1, 'then': 1, 'songs': 1, 'now': 1, '...meek': 1, '.': 1, 'Please': 1, 'spotify': 1, 'ğŸ”¥ğŸ”¥ğŸ”¥ğŸµâ›½ï¸ğŸš€ğŸ’¯Yooo': 1, 'felt': 1, 'i': 1, 'teenager': 1, 'over': 1, 'again.': 1, 'class': 1, 'mill': 1, 'YouTube': 1, 'snapping': 1, 'straight': 1, 'ğŸ”¥ğŸ”¥ğŸ”¥No': 1, 'cap': 1, 'makes': 1, 'raps': 1, 'more,': 1, 'bars,': 1, 'rap,': 1, 'switching': 1, 'boy': 1, 'ğŸ”¥Salute': 1, 'rocking': 1, 'headshot': 1, 'records': 1, 'run': 1, 'streets': 1, 'DVD': 1, '15': 1, 'second': 1, 'conversation': 1, '09': 1, 'HOC': 1, 'state': 1, 'road,': 1, 'young': 1, 'bul': 1, 'him.': 1, 'I&#39;m': 1, 'proud': 1, 'how': 1, 'came,': 1, 'gotta': 1, 'Philadelphia': 1, 'understand': 1, 'came': 1, 'nothing.': 1, 'matter': 1, 'may': 1, 'think': 1, 'city,': 1, 'fed': 1, 'kids': 1, 'money': 1, 'those': 1, 'neighborhoods.': 1, 'Salute': 1, 'guy,': 1, 'Cap.This': 1, 'pricelessThis': 1, 'ain&#39;t': 1, 'mill<br>This': 1, 'Milly!!<br>One': 1, 'ever': 1, 'Do': 1, 'it!!<br>Motivational,': 1, 'inspirational,': 1, 'intellectual': 1, 'rhymes!!': 1, 'Philly': 1, 'Legend': 1, 'sure,': 1, 'Kizzy': 1, 'ya': 1, 'heard,': 1, 'don&#39;t': 1, '@': 1, 'me,': 1, 'match': 1, 'me!!I': 1, ',': 1, 'hunger': 1, 'which': 1, 'phenomenal&quot;This': 1, 'ğŸ˜¢Being': 1, 'Puerto': 1, 'Rican,': 1, 'lyrics.': 1, 'Each': 1, 'matches': 1, 'life.': 1, 'thru': 1, 'that.': 1, 'God': 1, 'bless': 1, 'all.': 1, 'You&#39;re': 1, '#1.': 1, 'On': 1, 'side': 1, 'note,': 1, 'find': 1, 'stolen': 1, 'atv,': 1, 'good': 1, 'â˜¹ï¸Yea': 1, 'Meek!!!': 1, 'pain': 1, 'need!!!': 1, 'bombing': 1, 'em!!!': 1, 'ğŸ”¥ğŸ”¥ğŸ”¥ğŸ”¥ğŸ”¥This': 1, 'pausing': 1, 'video': 1, 'ğŸ˜‚': 1, 'much': 1, 'talentYeahhhhhhh': 1, 'ğŸ”¥ğŸ”¥ğŸ”¥': 1, 'dude,': 1, 'inspiring': 1, 'at': 1, 'bottom': 1, 'salute.Thatâ€™s': 1, '@MeekMill': 1, 'stop!!!': 1, 'bro': 1, 'HEAVY': 1, 'ğŸ”¥ğŸ¤ğŸ™ï¸To': 1, 'there': 1, 'make': 1, 'banger': 1, 'NUMBER': 1, '#1This': 1, 'gave': 1, 'da': 1, 'chills': 1, 'ğŸ˜¢': 1, 'type': 1, 'motivation': 1, 'ah': 1, 'have': 1, 'til': 1, 'come': 1, 'upKeep': 1, 'applying': 1, 'pressure': 1, 'meek,': 1, 'next': 1, 'project.': 1, 'support': 1, 'GThis': 1, 'feel': 1, 'good.': 1, 'matters': 1, 'â¤Pure': 1, 'Flow...My': 1, 'dawg': 1, 'ğŸ¯': 1, 'href=""http://www.youtube.com/results?search_query=%23chasers"">#CHASERS</a>': 1, 'ğŸ”¥ğŸ”¥ğŸ”¥ğŸ”¥': 1, 'lose': 1, 'he&#39;s': 1, 'zone.': 1, '<br>It&#39;s': 1, 'nuts': 1, 'used': 1, 'say': 1, 'beef.': 1, 'top': 1, 'tier': 1, 'fade.Youâ€™ve': 1, 'turned': 1, 'loyal.': 1, '<br><br><a': 1, 'href=""http://www.youtube.com/results?search_query=%23dreamchasers"">#DREAMCHASERS</a>': 1, 'href=""http://www.youtube.com/results?search_query=%23dc4e"">#DC4E</a>Keep': 1, 'motivating': 1, 'us': 1, 'Flamer': 1, 'days': 1, 'before': 1, 'wellğŸ™‡ğŸ½\u200dâ™‚ï¸ğŸ‘‘Straight': 1, 'fire': 1, 'ğŸ”¥ğŸ’¯': 1, 'rappers': 1, 'generationğŸ™ğŸ¾2': 1, 'Fxxk': 1, 'Yeah': 1, 'ğŸ‘ğŸ¾ğŸ‘ğŸ¾ğŸ‘ğŸ¾âœŠğŸ¾!': 1, 'For': 1, 'someone': 1, 'whose': 1, 'years-': 1, 'blessing': 1, 'see': 1, 'hunger,': 1, 'passion,': 1, 'Meeks': 1, 'bring!': 1, 'Thank': 1, 'sir': 1, 'âœŠğŸ¾!': 1, 'spittinâ€™': 1, 'pain!Meek': 1, 'brought': 1, 'battle': 1, 'rapping': 1, 'stuck.': 1, 'You': 1, 'lyrics': 1, 'intentional.': 1, 'saying': 1, 'random': 1, 'words': 1, 'rhyme,': 1, 'painting': 1, 'pictures.': 1, 'LYRICAL': 1, 'GENIUSğŸ”¥ğŸ”¥ğŸ”¥â€¼ï¸That': 1, 'ğŸ”¥ğŸ”¥ApprovedğŸŒŠThe': 1, 'ğŸ™ğŸ¾.': 1, 'This': 1, 'amazing.': 1, 'ğŸ’.': 1, 'Power': 1, 'voice': 1, 'other.': 1, 'ğŸ”¥No': 1, 'demons': 1, 'messing': 1, 'head': 1, 'watched': 1, 'listened': 1, 'this.': 1, 'There&#39;s': 1, 'only': 1, '1': 1, 'Mill.': 1, 'Continued': 1, 'blessings!Motivation': 1, 'ğŸ’ªğŸ½ğŸ’ªğŸ½ğŸ¤ğŸ¾ğŸ¤ğŸ¾ğŸ’¯': 1, 'needed': 1, 'ğŸ’¯ğŸ’¯ğŸ’¯ğŸ’¯ğŸ”¥ğŸ”¥ğŸ”¥ğŸ”¥ğŸ”¥': 1, 'SHEESH!He&#39;s': 1, 'time': 1, 'favorite': 1, 'I&#39;ve': 1, 'hip-hop': 1, '1985!Hits': 1, 'ends': 1, 'hardddâš¡ï¸ğŸ”¥ğŸ”¥ğŸ’The': 1, 'lowered': 1, 'volume': 1, 'didn&#39;t': 1, 'beat.': 1, 'ğŸ”¥ğŸ”¥ğŸ”¥ğŸ”¥ğŸ”¥': 1, 'hard': 2, 'We': 2, 'them': 2, 'u': 2, 'will': 2, 'down': 2, 'time.': 2, 'they': 2, 'talent': 2, 'Mill': 2, 'It': 2, 'teach': 2, 'can&#39;t': 2, 'ğŸ¥¶': 2, 'other': 2, 'drop': 2, 'get': 2, 'but': 2, 'such': 2, 'who': 2, 'presence': 2, 'done': 2, 'needs': 2, 'some': 2, 'A': 2, 'MEEK': 2, 'dropping': 2, 'made': 2, 'masterpiece.': 2, 'cried': 2, 'this.&quot;': 2, 'flows': 2, 'greatest': 2, 'out': 2, 'watching': 2, 'freestyles': 2, 'man': 2, 'it': 2, 'appreciate': 2, 'very': 2, 'far': 2, 'put': 2, 'no': 2, 'energy': 2, 'love': 2, 'got': 2, 'word': 2, 'tell': 2, 'Thatâ€™s': 2, 'too': 2, 'keep': 2, 'people': 2, 'after': 2, 'shit': 2, 'fans': 2, 'stay': 2, 'never': 2, 'miss': 2, '<a': 2, 'definitely': 2, 'by': 3, 'not': 3, 'more': 3, 'than': 3, 'even': 3, 'from': 3, 'just': 3, 'different': 3, 'these': 3, 'can': 3, 'going': 3, 'up': 3, 'He': 3, 'His': 3, 'itâ€™s': 3, 'waiting': 3, 'THIS': 3, 'went': 3, 'what': 3, 'literally': 3, 'No': 3, 'years': 3, 'game': 3, 'back': 3, 'your': 3, 'Keep': 3, 'need': 4, 'while': 4, 'real': 4, 'as': 4, 'one': 4, 'best': 4, 'are': 4, 'rap': 4, 'be': 4, 'when': 4, 'way': 4, 'freestyle': 4, 'beat': 5, 'with': 5, 'listening': 5, 'me': 6, 'really': 6, 'was': 6, 'we': 6, 'for': 6, 'meek': 7, 'his': 7, 'still': 7, 'since': 7, 'Meek': 8, 'been': 8, 'like': 9, 'he': 10, 'on': 10, 'my': 10, 'in': 11, 'all': 11, 'I': 11, 'this': 12, 'you': 13, 'of': 14, 'a': 15, 'is': 15, 'that': 16, 'to': 17, 'and': 20, 'the': 31}",https://i.ytimg.com/vi/ExNS0dIF9IE/default.jpg,Music,"['meek mill', 'meek', 'mill', 'hip hop', 'rap', 'atlantic', 'atlantic records', 'wins & losses', 'dreams worth more than money', 'stay woke', 'dangerous', 'champions', 'championship', 'Intro', 'trauma', 'whats free', 'Respect the game', 'splash warning', 'going bad', 'almost slipped', 'expensive pain', 'sharing locations', 'EXPENSIVE PAIN', 'MEEK NEW ALBUM', 'NEW MEEK']",2023-02-03T02:00:10Z,"Meek Mill - Don't Follow The Heathens Freestyle

Directed By: @Carter_Vision

Listen/Download 'Expensive Pain': https://meekmill.lnk.to/ExpensivePain

Subscribe for more official content from Meek Mill:
https://MeekMill.lnk.to/subscribe

Follow Meek Mill
Official Website: https://MeekMill.lnk.to/Official
Twitter: https://MeekMill.lnk.to/Twitter
Instagram: https://MeekMill.lnk.to/Instagram
Tiktok: https://MeekMill.lnk.to/tiktok
Facebook: https://MeekMill.lnk.to/Facebook
GIPHY: https://MeekMill.lnk.to/GIPHY

Listen to Meek Mill
Apple Music: https://MeekMill.lnk.to/Apple
Spotify: https://MeekMill.lnk.to/Spotify
Amazon: https://MeekMill.lnk.to/AmazonMusic
Audiomack: https://MeekMill.lnk.to/Audiomack
Tidal: https://meekmill.lnk.to/Tidal
Pandora: https://MeekMill.lnk.to/Pandora
YouTube: https://MeekMill.lnk.to/YouTube

The official YouTube channel of Atlantic Records artist Meek Mill. Subscribe for the latest music videos, performances, and more.

#MeekMill #DontFollowTheHeathens #Freestyle","['#202824', '#c4ac8a', '#777763', '#8e9688', '#7c8c84']","['dark', 'warm', 'dark', 'cool', 'dark']",none,"{'M': 2, 'e': 8, 'k': 1, ' ': 7, 'i': 1, 'l': 5, '-': 1, 'D': 1, 'o': 3, 'n': 2, ""'"": 1, 't': 3, 'F': 2, 'w': 1, 'T': 1, 'h': 2, 'H': 1, 'a': 1, 's': 2, 'r': 1, 'y': 1}",0,0.0%,7,7
Ellen and Portia Renew Their Vows,PT5M13S,TheEllenShow,https://www.youtube.com/channel/UCp0hYYBW6IMayGgR-WeoCvQ,38300000,961701,7714,512,"{'Who': 1, 'turned': 1, 'faucet?': 1, 'ğŸ˜­ğŸ˜­': 1, 'emotional': 1, 'genuine.': 1, 'wedding': 1, 'inspiration': 1, 'all.': 1, 'continue': 1, 'shine': 1, 'grow.': 1, 'Anniversary': 1, 'both!!': 1, 'Que': 1, 'viva': 1, 'el': 1, 'amor!!': 1, 'ğŸ¥‚ğŸ‰ğŸ™ŒğŸ»Happy': 1, 'ğŸ‚!': 1, 'another.': 1, '-for': 1, 'showing': 1, 'continued': 1, 'many,': 1, 'Blessings!Thank': 1, 'precious': 1, 'moment.': 1, 'It': 1, 'inspiring': 1, 'admiration': 1, 'other.': 1, 'embark': 1, 'next': 1, 'chapter.': 1, 'Portia!OMG': 1, 'sweet': 1, 'Congratulations!': 1, '<br>From': 1, 'Canada': 1, 'â¤â¤â¤Ok': 1, 'didnâ€™t': 1, 'Iâ€™d': 1, 'crying': 1, 'today': 1, 'amâ€¦': 1, 'beautifulâ€¦': 1, 'couldnâ€™t': 1, 'happier': 1, 'share': 1, 'loveâ¤I': 1, 'both.': 1, 'uplifting': 1, 'watch.': 1, 'impeccable.': 1, 'watching': 1, 'YEARS.': 1, 'found': 1, 'person.': 1, 'yâ€™all': 1, 'health,': 1, 'happiness,': 1, 'Light.': 1, 'ğŸ’œJust': 1, 'humans.': 1, 'we': 1, 'need': 1, 'along': 1, 'kindness': 1, '.': 1, 'year&#39;s': 1, '.Everyone': 1, 'Portia/Ellen': 1, 'life.': 1, 'Everyone': 1, 'â¤â¤â¤Happy': 1, 'congratulations': 1, 'navigating': 1, '14': 1, 'marriage.': 1, 'remember': 1, 'photos': 1, 'from': 1, 'wedding,': 1, 'beautiful.': 1, '120': 1, 'together,': 1, 'saving': 1, 'other.This': 1, 'heartwarming': 1, '..': 1, 'congratulations,': 1, 'Brandi': 1, 'singing': 1, 'big': 1, 'plus': 1, '(': 1, ':': 1, 'Ladies': 1, 'ğŸ’™â¤ğŸ’™I': 1, 'this.': 1, 'noon': 1, 'already': 1, 'made.': 1, 'Birthday,': 1, 'Y&#39;all': 1, 'ever.': 1, 'ğŸ˜ğŸ˜ğŸ˜ğŸ¥°ğŸ¥°â¤\U0001fa77ğŸ§¡ğŸ’›ğŸ’šğŸ’™\U0001fa75ğŸ’œğŸ¤ğŸ–¤\U0001fa76ğŸ¤Ellenâ€™s': 1, 'sees': 1, 'absoultely': 1, 'shock': 1, 'awe!!': 1, 'Portiaâ€™s': 1, 'touching': 1, 'seriuosly': 1, 'cry': 1, 'baby.This': 1, 'needed': 1, 'today.': 1, 'witness': 1, 'pure': 1, 'rare': 1, 'wonderful.': 1, '<br>I': 1, 'them.': 1, 'sheâ€™s': 1, 'only': 1, 'people': 1, 'around': 1, 'world.': 1, 'special': 1, 'soulâ€¦You': 1, 'girls...': 1, 'ğŸŒˆ': 1, 'emotional.': 1, 'reaction': 1, 'everything': 1, 'ğŸ˜‚This': 1, 'do.': 1, 'having': 1, 'difficult': 1, 'time': 1, 'dealing': 1, 'loss': 1, 'Twitch,': 1, 'gesture': 1, 'fill': 1, 'future.This': 1, 'Portia!!!This': 1, 'makes': 1, 'heart': 1, 'smile': 1, 'much.': 1, 'Bless': 1, 'both.Ellen': 1, 'must&#39;ve': 1, 'happily': 1, 'sweetness.': 1, 'say': 1, 'right': 1, 'much,': 1, 'little': 1, 'eloquent!That': 1, 'itThis': 1, 'spectacular': 1, 'â¤': 1, 'Ellenâ€™s': 1, 'showed': 1, 'loveThat': 1, 'itOMG!!': 1, 'amazing!': 1, 'separately': 1, 'together!': 1, 'could': 1, 'life.Omgosh': 1, 'beautiful!!': 1, 'come!!!': 1, 'â¤ï¸â¤ï¸â¤ï¸That': 1, 'lovely.': 1, 'rough': 1, 'years-': 1, 'mostly': 1, 'kind': 1, 'gentle': 1, 'person': 1, 'who': 1, 'human': 1, 'under': 1, 'microscope': 1, 'sometimes': 1, 'flawed': 1, 'rest': 1, 'us.': 1, 'believe': 1, 'says': 1, 'wouldn&#39;t': 1, 'earth': 1, 'without': 1, 'some': 1, 'tough': 1, 'testament': 1, 'holding': 1, 'fast': 1, 'marriage': 1, 'leaner,': 1, 'less': 1, 'years,': 1, 'if': 1, 'decades': 1, 'ahead': 1, 'enjoy': 1, 'other.You': 1, 'individuals': 1, 'perfect': 1, 'pair!': 1, 'definitely': 1, 'shows': 1, 'bringing': 1, 'vision': 1, 'unconditional': 1, 'â£ï¸Wow,': 1, 'nailed': 1, 'speech.': 1, 'hands': 1, 'down': 1, 'Bravo!Unscripted': 1, 'raw.': 1, 'Absolutely': 1, 'congratulations!!Oh': 1, 'left': 1, 'no': 1, 'words...really!': 1, 'girls': 1, 'imagine': 1, 'world...Maybe': 1, 'bit': 1, 'picky': 1, 'houses,': 1, '...': 1, 'LOL.Thank': 1, 'example': 1, 'total': 1, 'love!Gorgeous,': 1, 'eloquent,': 1, 'sincere...': 1, 'Seriously,': 1, 'ideal': 1, 'true': 1, 'settling': 1, 'less...': 1, 'PortiaCongratulations': 1, 'renewal.': 1, 'happiness!': 1, 'From': 1, 'Niagara': 1, 'Falls,': 1, 'NY!This': 1, 'soooo': 1, 'cool': 1, 'awesome.': 1, 'Great': 1, 'job': 1, 'best.': 1, 'â¤ï¸ğŸ˜­ğŸ˜­ğŸ˜­ğŸ˜­ğŸ˜­ğŸ˜­': 1, '(happy': 1, 'tears)': 1, 'bday': 1, 'contribute': 1, 'ellen.': 1, 'bondage': 1, 'btwn': 1, 'precious.': 1, 'sharing.': 1, 'P.s.': 1, 'appreciate': 1, 'every': 1, 'moment': 1, 'mother': 1, 'â¤ğŸ™ğŸ¼Happyyyyy': 1, 'ğŸ‰ğŸ‚': 1, 'Ellen&#39;s': 1, 'really': 1, 'â¤ï¸This': 1, 'Portia!!!': 1, '<br>â¤â¤â¤So': 1, 'Cried': 1, 'it!': 1, 'bond': 1, 'end.ğŸ™ğŸ»â¤ï¸ğŸ™ğŸ»â¤ï¸That': 1, 'truly': 1, 'ever!!': 1, 'Continuing': 1, 'â¤â¤I': 1, 'teared': 1, 'up...': 1, 'eternal': 1, 'amen!Happy': 1, 'filled': 1, 'love,': 1, 'joy': 1, 'happiness.Congratulations': 1, 'companionships': 1, 'â£ï¸â£ï¸â£ï¸â£ï¸â£ï¸': 1, 'super': 1, 'â£ï¸â£ï¸â£ï¸â£ï¸â£ï¸Oh': 1, 'got': 1, 'chills,': 1, 'wonderful!!!': 1, 'ğŸ’¯â¤ï¸I&#39;m': 1, 'coveting': 1, 'interior': 1, 'design': 1, 'home!': 1, 'They': 1, 'taste,': 1, 'everything.': 1, 'âœ¨âœ¨âœ¨âœ¨This': 1, 'cutest': 1, 'Iâ€™ve': 1, 'canâ€™t': 1, 'any': 1, 'cuter': 1, 'do': 1, 'it!!!!': 1, 'â¤ï¸â¤ï¸â¤ï¸This': 1, 'beautiful...': 1, 'tears!': 1, 'blessings': 1, 'â¤ï¸â¤ï¸â¤ï¸â¤ï¸ğŸ™‚': 1, 'renewing': 1, 'vows.': 1, 'Hope': 1, 'y&#39;all': 1, 'more.': 1, 'great.': 1, 'Be': 1, 'Safe': 1, 'Take': 1, 'CareHow': 1, 'acknowledge': 1, 'partnership': 1, 'feeds': 1, 'nice': 1, 'seeing': 1, 'kinda': 1, 'speechless': 1, 'stunned': 1, 'natural.': 1, 'Marriage': 1, 'trial': 1, 'moments': 1, 'help': 1, 'remind': 1, 'commitment': 1, 'warm': 1, 'fuzziness': 1, 'amazing&quot;You': 1, 'cheer': 1, 'up': 1, 'down,': 1, 'seen,': 1, 'safe,': 1, 'cherished,': 1, 'loved.': 1, 'will': 1, 'always': 1, 'honored': 1, 'life.&quot;': 1, 'De': 1, 'RossiOMG': 1, ',the': 1, 'couple,': 1, 'rock': 1, '!!!!': 1, 'both!!!!!!â¤â¤â¤â¤â¤â¤â¤â¤â¤â¤â¤â¤â¤â¤â¤â¤â¤â¤â¤â¤â¤': 1, 'want': 1, 'jewelery': 1, 'set': 1, ',but': 1, 'don': 1, 't': 1, 'where': 1, 'send': 1, 'it??This': 1, 'you.â¤ï¸This': 1, 'brought': 1, 'tears': 1, 'eyes!': 1, 'Tears': 1, 'true!': 1, 'Congratulations,': 1, 'Anniversary!': 1, 'ğŸ‰This': 1, 'ğŸ’': 1, 'Porchia': 1, 'ğŸ‰ğŸ’ğŸ¥³': 1, 'humans': 1, 'ğŸ’–': 1, 'overflowing': 1, 'things': 1, 'ğŸ™': 1, 'Portia.': 2, 'What': 2, 'way': 2, '&amp;': 2, 'support': 2, 'other': 2, 'good': 2, 'times': 2, 'times.': 2, 'wonderful': 2, 'together.': 2, 'sharing': 2, 'see': 2, 'Wishing': 2, 'know': 2, 'here': 2, 'another': 2, 'Portia,': 2, 'words': 2, 'were': 2, 'great': 2, 'these': 2, 'world': 2, 'Many': 2, 'exactly': 2, 'too.': 2, 'It&#39;s': 2, 'even': 2, 'day': 2, 'been': 2, 'face': 2, 'made': 2, 'To': 2, 'hope': 2, 'knows': 2, 'much': 2, 'She': 2, 'Just': 2, 'Portia&#39;s': 2, 'lovely': 2, 'must': 2, 'very': 2, 'beautiful!!!': 2, 'couples': 2, 'girls!!!': 2, 'surprised': 2, 'EVER': 2, 'rocked': 2, 'had': 2, 'she&#39;s': 2, 'her': 2, 'because': 2, 'can': 2, 'get': 2, 'life': 2, 'Thank': 2, 'you,': 2, 'giving': 2, 'never': 2, 'Congrats': 2, 'bless': 2, 'deserve': 2, 'pls': 2, 'at': 2, 'gift': 2, 'offer': 2, 'So': 2, 'joy,': 2, 'they': 2, 'together': 2, 'video': 2, 'absolutely': 3, 'beautiful,': 3, 'renewal': 3, 'celebrate': 3, 'come': 3, 'beautiful!': 3, 'but': 3, 'Ellen,': 3, 'loved': 3, 'am': 3, 'too': 3, 'needs': 3, 'someone': 3, 'their': 3, 'them': 3, 'couple': 3, 'look': 3, 'it': 3, 'what': 3, 'also': 3, 'thing': 3, 'both,': 3, 'I&#39;ve': 3, 'seen.': 3, 'bride': 3, 'heard.': 3, 'think': 3, 'God': 3, 'I&#39;m': 3, 'ladies': 3, 'happiness': 3, 'feel': 3, 'make': 3, 'This': 4, 'Congratulations': 4, 'vow': 4, 'You': 4, 'an': 4, 'us': 4, 'May': 4, 'through': 4, 'as': 4, 'how': 4, 'adore': 4, 'Portia!': 4, 'when': 4, 'me': 4, 'by': 4, 'speech': 4, 'ever': 4, '-': 4, 'you.': 4, 'one': 5, 'each': 5, 'not': 5, 'best': 5, 'And': 5, 'wish': 5, 'like': 5, 'she': 5, 'are': 6, 'all': 6, 'two': 6, 'happy': 6, 'Love': 6, 'has': 6, 'birthday': 7, 'Ellen': 7, 'such': 7, 'my': 7, 'most': 7, 'Birthday': 8, 'amazing': 8, 'in': 8, 'be': 8, 'that': 8, 'just': 8, 'more': 9, 'was': 10, 'on': 11, 'Happy': 11, 'with': 11, 'have': 12, 'many': 13, 'years': 13, 'this': 13, 'beautiful': 13, 'your': 14, 'Portia': 15, 'for': 15, 'a': 16, 'both': 18, 'love': 21, 'of': 22, 'so': 26, 'I': 30, 'is': 32, 'the': 33, 'to': 36, 'and': 38, 'you': 47}",https://i.ytimg.com/vi/-e202SUj9fo/default.jpg,Entertainment,"['ellen', 'degeneres', 'ellen show', 'humor', 'comedy', 'funny', 'celebrity', 'television', 'music', 'interview', 'tv', 'ellen degeneres', 'the ellen show', 'daytime tv', 'talk show']",2023-02-02T16:00:00Z,"At Portiaâ€™s birthday party, she surprised Ellen with a vow renewal ceremony officiated by Kris Jenner with a performance from Brandi Carlile. 

SUBSCRIBE: https://ellen.tv/3D6Sewq  

#ellen #theellenshow #ellendegeneres 

More Ellen:
Instagram: https://www.instagram.com/ellendegeneres 
Facebook: https://www.facebook.com/ellentv/  
Twitter: https://www.twitter.com/ellendegeneres 
TikTok: https://www.tiktok.com/@ellendegeneres   
Website: https://www.ellentube.com/ 

The place for laughs, joy, stars, surprises, and everything Ellen.","['#70625c', '#c4b5ac', '#070606', '#a6a9ad', '#9697a1']","['dark', 'warm', 'dark', 'cool', 'cool']",none,"{'E': 1, 'l': 2, 'e': 4, 'n': 3, ' ': 5, 'a': 2, 'd': 1, 'P': 1, 'o': 2, 'r': 2, 't': 1, 'i': 2, 'R': 1, 'w': 2, 'T': 1, 'h': 1, 'V': 1, 's': 1}",0,0.0%,5,5
OFFLINETV WORK AT BOBA SHOP,PT24M35S,OfflineTV,https://www.youtube.com/channel/UCDK9qD5DAQML-pzrtA7A4oA,3070000,889901,61825,2197,"{'As': 1, 'these': 1, 'shops': 1, 'year': 1, 'half,': 1, 'not': 1, 'easy': 1, 'familiar': 1, 'hundred': 1, 'types': 1, 'drinks.': 1, 'Really': 1, 'this.Imagine': 1, 'ordering': 1, 'sturdy': 1, 'also': 1, 'ğŸ˜‚John': 1, 'father': 1, 'teaching': 1, 'his': 1, 'kids': 1, 'run': 1, 'milk': 1, 'tea': 1, 'businessas': 1, 'employee,': 1, 'stress': 1, 'different': 1, 'orders.Poki:': 1, 'Being': 1, 'little': 1, '<b>too</b>': 1, 'friendly': 1, 'Lily<br><br><del>-Michael-</del>': 1, 'Chet:': 1, '&quot;I': 1, 'absolute': 1, 'win&quot;Love': 1, 'mode': 1, 'chill': 1, 'registerAs': 1, 'down.<a': 1, 'href=""https://www.youtube.com/watch?v=aHgaJi_RrF8&amp;t=13m27s"">13:27</a>': 1, 'don&#39;t': 1, 'Brodin': 1, 'purpose': 1, 'interviewing': 1, 'right': 1, 'next': 1, 'caramel': 1, 'needed': 1, 'badly': 1, 'earlier.': 1, 'Perfection.Essentially,': 1, '24': 1, 'minutes': 1, 'breakdown.Chet': 1, 'collegue': 1, 'joke': 1, 'around': 1, 'nothing': 1, 'gets': 1, 'doneYvonne': 1, 'nervous': 1, 'laughing': 1, 'while': 1, 'saying': 1, 'shutting': 1, 'down,': 1, 'personal': 1, 'levelI': 1, 'watch': 1, '8': 1, 'hour': 1, 'because': 1, 'towards': 1, 'actually': 1, 'taking': 1, 'it': 1, 'seriously': 1, 'groove': 1, 'living': 1, 'nightmare': 1, 'ğŸ˜‚michael': 1, 'yvonne&#39;s': 1, 'dynamic': 1, 'live': 1, 'LMAOAs': 1, 'bux': 1, 'speaks': 1, 'many': 1, 'levels': 1, 'insane.': 1, 'Watching': 1, 'lose': 1, 'mind': 1, 'over': 1, 'weird': 1, 'looking': 1, 'MIRRORAs': 1, 'down.The': 1, 'between': 1, 'calmly': 1, 'greeting': 1, 'kitchen,': 1, '10/10I&#39;ve': 1, 'whole': 1, 'life,': 1, 'shit': 1, 'I&#39;ve': 1, 'seen': 1, 'fat': 1, 'minute': 1, 'lol.': 1, 'Keep': 1, 'up': 1, 'y&#39;allOddly': 1, 'proper': 1, 'staff<br>John-': 1, 'level': 1, 'headed': 1, 'manager': 1, 'keeping': 1, 'staff': 1, 'flowing<br>Chet-the': 1, 'guy': 1, 'knows': 1, 'heâ€™s': 1, 'hired<br>Yavone-the': 1, 'hired': 1, 'support': 1, 'twitch': 1, 'career': 1, 'still': 1, 'years': 1, 'later': 1, 'ğŸ’šğŸ’š<br>Lily-the': 1, 'new': 1, 'hire<br>Poki-the': 1, 'costumer': 1, 'professionalPoki': 1, 'blast': 1, 'register': 1, 'else': 1, 'crashing': 1, 'background': 1, 'makes': 1, 'thisimagine': 1, 'going': 1, 'every': 1, 'otv': 1, 'member': 1, 'workingtalking': 1, 'about': 1, 'crazy': 1, 'your': 1, 'coworkers': 1, '5': 1, 'feet': 1, 'away': 1, 'epitome': 1, 'retail': 1, 'lol<br><br>also': 1, 'girl': 1, 'waiting': 1, 'sweet!': 1, 'Love': 1, 'style': 1, 'â¤Love': 1, 'agrees': 1, 'more': 1, 'than': 1, 'seconds': 1, 'skit': 1, 'bound': 1, 'happenPoki': 1, 'try': 1, 'act,': 1, 'we': 1, 'feelâ€œThey': 1, 'donâ€™t': 1, 'even': 1, 'give': 1, 'wrong': 1, 'toppingsâ€': 1, 'dead': 1, 'ğŸ˜‚Johnâ€™s': 1, 'shows.': 1, 'Heâ€™s': 1, 'level-headed.': 1, 'This': 1, 'fun!The': 1, 'beauty': 1, 'moment': 1, '<a': 1, 'href=""https://www.youtube.com/watch?v=aHgaJi_RrF8&amp;t=18m51s"">18:51</a>': 1, 'paper': 1, 'towel': 1, 'didn&#39;t': 1, 'go': 1, 'trash': 1, 'can': 1, 'correctly': 1, 'breathtakingThe': 1, 'instant': 1, 'fear': 1, 'first': 1, 'customerâ€™s': 1, 'ğŸ˜‚Round': 1, 'gave': 1, 'Mich-I': 1, 'mean': 1, 'Chet': 1, 'cupWatching': 1, 'trying': 1, 'desperately': 1, 'figure': 1, 'make': 1, 'mustâ€™ve': 1, 'hell': 1, 'experienceAs': 1, 'shop,': 1, 'say': 1, 'may': 1, 'intimidating': 1, 'workers': 1, 'ever.Michael': 1, ':': 1, 'Leaving': 1, 'couple': 1, 'along': 1, 'way<br>The': 1, 'recipe:': 1, 'Tupacs': 1, 'Casket<br>-empty': 1, 'cup<br>-Seal': 1, 'machine': 1, '<br><br>ğŸ’€ğŸ’€ğŸ’€this': 1, 'ability': 1, 'handle': 1, 'tasks': 1, 'cocktails,': 1, 'look': 1, 'hard': 1, 'tooAs': 1, 'owner': 1, 'struggle': 1, 'giving': 1, 'anxiety': 1, 'ğŸ¤£<a': 1, 'href=""https://www.youtube.com/watch?v=aHgaJi_RrF8&amp;t=16m34s"">16:34</a>': 1, 'sharing': 1, 'cell': 1, 'ğŸ˜‚this': 1, '60%': 1, 'panicking,': 1, '20%': 1, 'poki&#39;s': 1, '19%': 1, '1%': 1, 'sturdyThey': 1, 'come': 1, 'way.<br>I&#39;m': 1, 'succeesğŸ˜as': 1, 'field,': 1, 'lillys': 1, 'breakdowns': 1, '-': 1, 'Relatable,': 1, 'xD': 1, 'LOVED': 1, '&lt;3The': 1, 'bunch': 1, 'brings': 1, 'out,': 1, 'point!<br><br>Awesome': 1, 'content': 1, ':)The': 1, 'point': 1, 'def': 1, 'MVP!Michael': 1, 'inevitableas': 1, 'employee': 1, 'mad': 1, 'entertaining': 1, 'props': 1, 'upI': 1, 'expecting': 1, 'delivered!As': 1, 'Boba': 1, 'before,': 1, 'appreciate': 1, 'this,': 1, 'recipe': 1, 'ratios': 1, 'fully': 1, 'masteredAs': 1, 'bbt': 1, 'store,': 1, 'definitely': 1, 'thrown': 1, 'deep': 1, 'it!': 1, 'ğŸ¤£These': 1, 'OfflineTV': 1, 'ideas': 1, 'disappointThe': 1, 'sheer': 1, 'blown': 1, 'after': 1, 'two': 1, 'ğŸ˜‚<br><br>Also': 1, 'Michaelâ€™s': 1, 'recipeâ€¦.': 1, 'â€œTupacâ€™s': 1, 'Casketâ€as': 1, 'refreshing': 1, 'stressful': 1, 'job': 1, 'isWe': 1, 'toast': 1, 'here': 1, 'memorize': 1, 'instantlyğŸ˜‚Itâ€™s': 1, 'nice': 1, 'behind': 1, 'scenes!': 1, 'We': 1, 'appriciate': 1, 'guys!Wonder': 1, 'saw': 1, 'process': 1, 'being': 1, 'ğŸ˜­': 1, 'barista': 2, 'be': 2, 'fun': 2, 'OTV': 2, 'do': 2, 'drink': 2, 'michael': 2, 'yvonne': 2, 'getting': 2, 'back': 2, 'ğŸ˜‚': 2, 'breakdown': 2, 'looks': 2, 'funny': 2, 'out': 2, 'Poki': 2, 'employee...': 2, 'break': 2, 'if': 2, 'did': 2, 'but': 2, 'she': 2, 'brain': 2, 'felt': 2, 'full': 2, 'shift': 2, 'working': 2, 'feel': 2, 'end': 2, 'or': 2, 'chaotic': 2, 'something': 2, 'its': 2, 'drinks': 2, 'chaos': 2, 'food': 2, 'my': 2, 'seeing': 2, 'immediately': 2, 'most': 2, 'work': 2, 'long': 2, 'been': 2, 'he': 2, '10': 2, 'lmao': 2, 'what': 2, 'order': 2, 'customer': 2, 'Michael': 2, 'character': 2, 'experience': 2, 'really': 2, 'from': 2, 'applause': 2, 'recipes': 2, 'proud': 2, 'making': 2, 'guys': 2, 'I&#39;m': 2, 'Yvonne': 2, 'service,': 2, 'happy': 2, 'John': 2, 'their': 2, 'energy': 2, 'never': 2, 'as': 3, 'it&#39;s': 3, 'almost': 3, 'having': 3, 'ex': 3, 'too': 3, 'everyone': 3, 'relatable': 3, 'watching': 3, 'know': 3, 'i': 3, 'would': 3, 'were': 3, 'video': 3, 'customers': 3, 'great': 3, 'no': 3, 'one': 3, 'there': 3, 'got': 3, 'Iâ€™m': 3, 'shop': 3, 'when': 3, 'breaking': 3, 'into': 3, 'works': 3, 'made': 3, 'always': 3, 'worked': 4, 'at': 4, 'lily': 4, 'mental': 4, 'panic': 4, 'have': 4, 'they': 4, 'service': 4, 'people': 4, 'them': 5, 'I': 5, 'her': 5, 'someone': 6, 'with': 6, 'see': 6, 'you': 6, 'an': 6, 'Lily': 6, 'so': 6, 'me': 6, 'who': 7, 'like': 7, 'boba': 7, 'all': 7, 'just': 7, 'on': 7, 'for': 8, 'that': 8, 'how': 8, 'in': 12, 'of': 12, 'was': 12, 'this': 13, 'is': 15, 'and': 19, 'to': 21, 'a': 33, 'the': 39}",https://i.ytimg.com/vi/aHgaJi_RrF8/default.jpg,Entertainment,"['OfflineTV', 'Scarra', 'Poki', 'Pokimane', 'Lily', 'LilyPichu', 'DisguisedToast', 'Toast', 'TwitchTV', 'twitch', 'Streaming', 'Vlog', 'Fail', 'Epic', 'Gamers', 'Streamers', 'OTV', 'OTV Plays', 'OfflineTV plays', 'Michael Reeves', 'Michael', 'Reeves', 'offlinetv boba', 'working at boba shop', 'boba shop', 'bubble tea', 'otv boba', 'otv boba shop', 'offlinetv tea shop', 'otv tea']",2023-02-02T23:06:41Z,"ğŸ¤¦â€â™‚ï¸ it's a good thing they're streamers...
For 21 FREE meals with HelloFresh plus free shipping, use code OFFLINETV21 at https://bit.ly/3FkYT7N !

-------------------------------------------------------------

ğŸ‘• Merch & Apparel:
â€¢ OfflineTV - https://offlinetv.com

ğŸ“¸ Follow OfflineTV:
â€¢ Twitter - https://www.twitter.com/OfflineTV
â€¢ Instagram - https://www.instagram.com/OfflineTV
â€¢ TikTok - https://www.tiktok.com/@offlinetv
â€¢ Reddit - https://www.reddit.com/r/offlineTV
â€¢ Patreon - https://www.patreon.com/offlinetv

ğŸ“ OfflineTV Roster:
â€¢ Scarra - https://twitter.com/scarra
â€¢ Pokimane - https://twitter.com/pokimanelol
â€¢ LilyPichu - https://twitter.com/LilyPichu
â€¢ Disguised Toast - https://twitter.com/DisguisedToast
â€¢ Michael Reeves - https://twitter.com/michaelreeves
â€¢ QuarterJade - https://twitter.com/QuarterJade
â€¢ Masayoshi - https://twitter.com/ItzMasayoshi
â€¢ Sydeon - https://twitter.com/Sydeon
â€¢ Yvonnie - https://twitter.com/yvonnie

ğŸµ Music:
â€¢ Giuseppe Verdi - Dies irae, Libera me
â€¢ Hyper Potions - Friends

â€¢ MÃ©lonade - Magic

â€¢ Courtesy of Riot Games - https://www.leagueoflegends.com/en-us/news/community/riot-music-creator-safe-guidelines/

ğŸ¥ Producer & Director:
â€¢ Brodin - https://twitter.com/brodinplett

ğŸï¸ Editor & Manager:
â€¢ Dunois - https://twitter.com/DunoisKR





#OfflineTV #Boba #Subscribe","['#cbb45a', '#0c0907', '#d7c8d0', '#533d2f', '#6f6455']","['cool', 'dark', 'cool', 'dark', 'dark']",none,"{'O': 4, 'F': 2, 'L': 1, 'I': 1, 'N': 1, 'E': 1, 'T': 2, 'V': 1, ' ': 4, 'W': 1, 'R': 1, 'K': 1, 'A': 2, 'B': 2, 'S': 1, 'H': 1, 'P': 1}",0,0.0%,23,23
ğ˜¶ğ˜¯ğ˜¥ğ˜¦ğ˜³ ğ˜µğ˜©ğ˜¦ ğ˜¸ğ˜¦ğ˜¢ğ˜µğ˜©ğ˜¦ğ˜³,PT1M47S,CORPSE,https://www.youtube.com/channel/UCuZPtWDsczOuztPMUr0mmpw,2870000,190249,53454,3822,"{'GLOOMY': 1, 'BEAR': 1, 'X': 1, 'collaboration': 1, 'plushy': 1, 'shirt:<br><a': 1, 'href=""https://corpse.gloomybearstore.com/"">https://corpse.gloomybearstore.com/</a><br><br>bewellWHAT': 1, 'DIFFERENT': 1, 'SOUND!!!': 1, 'stuff!!!': 1, 'Amazing!!!Ã©': 1, 'tÃ£o': 1, 'legal': 1, 'o': 1, 'tipos': 1, 'mÃºsica': 1, 'diferente!!': 1, 'nessa': 1, 'tÃ¡': 1, 'ANGELICALLyrics': 1, 'wants': 1, 'them:<br><br>I': 1, 'hell<br><br>I': 1, 'liver<br>babe,': 1, 'well<br><br>Would': 1, 'smile?<br>At': 1, 'least': 1, 'fucking': 1, 'now<br><br>Baby,': 1, 'spell<br><br>I': 1, 'hell.How': 1, 'does': 1, 'worst': 1, 'times': 1, 'Itâ€™s': 1, 'save': 1, 'suffering.': 1, 'Listening': 1, 'ease': 1, 'pain,': 1, 'makes': 1, 'itâ€™ll': 1, 'feeling,': 1, 'definitely': 1, 'favourite': 1, 'artist': 1, 'forever': 1, 'ever.Your': 1, 'range???????': 1, 'Bro': 1, 'gorgeous!!': 1, 'Everyone': 1, 'alone': 1, 'all.': 1, 'Best': 1, 'wishes': 1, '\U0001faf6ğŸ¼HELLO?': 1, 'THATS': 1, 'CORPSEâ€™S': 1, 'VOICE??!?!!': 1, 'has-ğŸ–¤ğŸŒ§': 1, 'reminder': 1, 'doesn&#39;t': 1, 'know:': 1, 'videos': 1, 'loop': 1, 'ğŸŒ§ğŸ–¤this': 1, 'sums': 1, 'i&#39;ve': 1, 'couple': 1, 'years.': 1, 'name.': 1, 'Like': 1, 'chasing': 1, 'yearning': 1, 'familiar': 1, 'before': 1, 'haven&#39;t': 1, 'time.': 1, 'again': 1, 'reach': 1, 'where': 1, 'And': 1, 'drowning.': 1, 'masterpiece': 1, 'corpse!Corpse&#39;s': 1, 'deserve.<br>It&#39;s': 1, 'angel&#39;s': 1, 'gift!<br><br>This': 1, 'amazing!!These': 1, 'paint': 1, 'vivid': 1, 'images': 1, 'head,': 1, 'conversation,': 1, 'donâ€™t': 1, 'talk': 1, 'about.': 1, 'dropped': 1, 'thanks': 1, 'corpse.I': 1, 'Heard': 1, 'For': 1, 'First': 1, 'Timr<br>What': 1, 'Beautiful': 1, 'â¤ï¸Lyrics:<br><br>I': 1, 'hell<br>I': 1, 'liver<br>Babe,you': 1, 'well<br>Would': 1, 'smile?<br>Atleast': 1, 'fuckin': 1, 'now<br>Babe,i': 1, 'feelin': 1, 'spell<br>I': 1, 'pictures': 1, '<br>So': 1, 'hellThe': 1, 'melody': 1, 'very': 1, 'sensual': 1, 'although': 1, 'bitter.': 1, 'Honestly': 1, 'pretty': 1, 'ğŸ«€WE&#39;RE': 1, 'SOO': 1, 'UNDER': 1, 'YOUR': 1, 'SPELL': 1, 'âœ¨ğŸ–¤': 1, 'Damn': 1, 'veryyy': 1, 'trust': 1, 'gonna': 1, 'thisğŸ˜Œ': 1, 'Another': 1, 'bangerrrr': 1, 'Corpsieee': 1, 'ğŸ¥ºğŸ‘‰ğŸ»ğŸ‘ˆğŸ»': 1, 'LOVE': 1, 'YOUUUğŸ–¤âœ¨This': 1, 'relevant': 1, 'as': 1, 'artist.': 1, 'Versatility.': 1, 'Way': 1, 'stuck': 1, 'ways.': 1, 'bop': 1, 'ğŸ‘I': 1, 'this!': 1, 'duality': 1, 'unmatched.': 1, 'simply': 1, 'possible': 1, 'produce': 1, 'ğŸ–¤ğŸ–¤ğŸ–¤The': 1, 'audacity': 1, 'ğŸ–¤ğŸ–¤ğŸ–¤ğŸ–¤ğŸ–¤Omg': 1, 'beautifully': 1, 'written': 1, 'Amazing': 1, 'work,': 1, 'ğŸ¥°â¤ï¸how': 1, 'demon': 1, 'angel': 1, 'snap': 1, 'fingers?': 1, 'certified': 1, 'ğŸ”¥Oh': 1, 'god-': 1, 'speechless..I': 1, 'speak': 1, 'everyone': 1, 'say,': 1, 'CORPSE.': 1, 'ğŸ’•You': 1, 'create,': 1, 'Corpse.': 1, 'Me': 1, '-': 1, 'floored': 1, 'messages': 1, 'send': 1, 'each': 1, 'song.': 1, 'write': 1, 'personal': 1, 'experiences.': 1, 'sincerely': 1, 'let': 1, 'happen,': 1, 'woman': 1, 'didnâ€™t': 1, 'deserve': 1, 'friends,': 1, 'fans.': 1, 'One': 1, 'day,': 1, 'youâ€™ll': 1, 'side': 1, 'through.': 1, 'â¤His': 1, 'angelic': 1, 'surprises': 1, 'me.DAMN!': 1, 'What': 1, 'vibe!!': 1, 'crazy,': 1, 'cool': 1, 'branch': 1, 'whatever': 1, ':]thank': 1, 'vulnerable': 1, 'ur': 1, 'opening': 1, 'avenue': 1, 'others': 1, 'u': 1, '<br>&#39;till': 1, 'death': 1, 'ğŸ–¤Just': 1, 'them': 1, 'stairs': 1, 'scary': 1, 'stories': 1, 'they&#39;res': 1, 'beginning': 1, 'stages': 1, 'absolute': 1, 'blessing': 1, 'soul': 1, 'heal': 1, 'sleep': 1, 'peace': 1, 'threw': 1, 'thing': 1, 'remind': 1, 'smile': 1, 'I&#39;ma': 1, 'Stay': 1, 'safe': 1, 'protect': 1, 'at': 1, 'costs': 1, 'frosty': 1, 'kingI&#39;ve': 1, 'noticed': 1, 'no': 1, 'lo-fiish': 1, 'production': 1, 'song.<br><br>Congrats': 1, 'towerz': 1, 'HANZ,': 1, 'two': 1, 'producers': 1, 'discovered': 1, 'Lo-Fi': 1, 'Girl': 1, 'channelWow': 1, 'believe': 1, 'mans': 1, 'range...': 1, 'Already': 1, 'saving': 1, 'beauty': 1, 'spotify,': 1, 'flows': 1, 'spot': 1, 'one...still': 1, 'kinda': 1, '&#39;&#39;dude': 1, 'that&#39;s': 1, 'is,': 1, 'beautiful&#39;&#39;.': 1, 'EVERYTIME': 1, 'song,': 1, 'way,': 1, 'good!!': 1, 'BEWELL2eu': 1, 'amo': 1, 'os': 1, 'sons': 1, 'mais': 1, 'diferentes': 1, 'sÃ£o': 1, 'sempre': 1, 'sentimentais': 1, 'sem': 1, 'falar': 1, 'dessa': 1, 'vibeiâ€™m': 1, 'blown': 1, 'away': 1, 'rawness': 1, 'lyrics.': 1, 'addiction': 1, 'bitch': 1, 'overcome.': 1, 'haunting': 1, 'relatable.': 1, 'missed': 1, 'you.If': 1, 'longer,': 1, 'incredibly': 1, 'looking': 1, 'forward': 1, 'musicWOW!': 1, 'couldn&#39;t': 1, 'recognize': 1, 'elseInitially': 1, 'thought': 1, 'lofi': 1, 'corpse,': 1, 'ended': 1, 'distinct': 1, 'banger,': 1, 'change': 1, 'vibe': 1, 'bangers.The': 1, 'sweet': 1, 'personal,': 1, 'portrays': 1, 'sides': 1, 'himself': 1, 'â¤<br><br>Is': 1, 'voice!?': 1, 'man,': 1, 'swear': 1, 'â¤': 1, 'goodQue': 1, 'orgulho': 1, 'esse': 1, 'tipo': 1, 'mÃºsica,': 1, 'ainda': 1, 'triste,': 1, 'mas': 1, 'calma': 1, 'e': 1, 'com': 1, 'normal': 1, 'dele,': 1, 'isso': 1, 'sÃ³': 1, 'deve': 1, 'ser': 1, 'um': 1, 'sinal': 1, 'estÃ¡': 1, 'sarando': 1, 'âœ¨ğŸ˜­A': 1, 'ta': 1, 'diferente,': 1, 'foda': 1, 'essa': 1, 'fase': 1, 'melancolica': 1, 'deleThank': 1, 'music.': 1, 'coming': 1, 'recently': 1, 'tiring.': 1, 'kept': 1, 'drowning': 1, 'liquor': 1, 'despite': 1, 'hyperacidity.': 1, 'numb': 1, 'hearing': 1, 'bursted': 1, 'tears.': 1, 'release.': 1, 'well': 1, 'ğŸ«‚Your': 1, 'Music': 1, 'getting': 1, 'better,': 1, 'songscorpses': 1, 'better': 1, 'having': 1, 'day.': 1, '&lt;3i': 1, 'stop': 1, 'soothing': 1, 'backgroundI&#39;m': 1, 'graceful': 1, 'here.': 1, 'Corpsey,': 1, 'great.': 1, 'incredible<br>we': 1, 'yourself': 1, 'ğŸ–¤That': 1, 'hour': 1, 'video': 1, 'pitch': 1, 'things,': 1, 'heâ€™s': 1, 'posting': 1, 'â¤Always': 1, 'pleasure': 1, 'properly': 1, 'using': 1, 'Falsetto,': 1, 'fresh': 1, 'rain': 1, 'soul...thank': 1, 'Corpse.Incredible': 1, 'genres': 1, 'spans...': 1, 'brave': 1, 'bold': 1, 'experiment': 1, 'freely': 1, 'sticking': 1, 'niche,': 1, 'true': 1, 'testament': 1, 'create': 1, 'diverse': 1, 'quality!This': 1, 'words': 1, 'touching,': 1, 'tear': 1, 'up.': 1, 'thankful': 1, 'found': 1, 'content': 1, 'ago,': 1, 'creations': 1, 'helped': 1, 'also': 1, 'introducing': 1, 'Gloomy': 1, 'Bear': 1, 'franchise,': 1, 'has': 1, 'aesthetic': 1, 'much.': 1, 'ğŸ’œğŸ™I': 1, 'genuinely': 1, 'speechless.': 1, 'mean,': 1, 'because': 1, 'agoraphobic,': 1, 'like,': 1, 'holy': 1, 'shit.': 1, 'seriously,': 1, 'never': 1, 'cease': 1, 'amazeDamn,': 1, 'shit': 1, 'posted': 1, 'helps.': 1, 'stuff.': 1, 'Keep': 1, 'help': 1, 'ton.': 1, '&lt;3just': 1, 'wow,': 1, 'creates.': 1, 'space': 1, 'itI': 1, 'LOOOOOVE': 1, 'atmospheric,': 1, 'stormy': 1, 'FANTASTIC': 1, 'job': 1, 'one.': 1, 'pretty.': 1, 'Is': 1, 'seriously': 1, 'singing?': 1, 'Awesome!love': 1, 'heart,': 1, 'deal': 1, 'shitty': 1, 'life,': 1, 'damn': 1, 'dude': 1, 'peaceful': 1, 'listen,': 1, 'lots': 1, 'take': 1, '&lt;3': 1, 'i': 2, 'youâ€™re': 2, 'corpse': 2, 'fazendo': 2, 'dele': 2, 'if': 2, 'anyone': 2, 'myself<br>I&#39;ll': 2, 'damaged': 2, 'help?<br>I': 2, 'liquor<br>You': 2, 'wishing': 2, 'kill': 2, 'once': 2, 'while<br>Leave': 2, 'town<br>Live': 2, 'fever<br>I&#39;m': 2, 'well<br>I&#39;m': 2, 'weather<br>I&#39;m': 2, 'myself<br>I': 2, 'post': 2, 'life.': 2, 'helps': 2, 'okay.': 2, 'wtf': 2, 'here': 2, 'put': 2, 'up': 2, 'these': 2, 'past': 2, 'or': 2, 'I&#39;ve': 2, 'long': 2, 'want': 2, 'it.': 2, 'without': 2, 'it,': 2, 'Thank': 2, 'different,': 2, 'itâ€™s': 2, 'ones': 2, 'most': 2, 'needed': 2, 'His': 2, 'Voice': 2, 'made': 2, 'emotional': 2, 'comfort': 2, 'those': 2, 'stay': 2, 'get': 2, 'their': 2, 'Good': 2, 'This': 2, 'will': 2, 'ever': 2, 'like.': 2, 'different.': 2, 'favorite': 2, 'man&#39;s': 2, 'go': 2, 'every': 2, 'So': 2, 'you.': 2, 'loved': 2, 'talking': 2, 'someone': 2, 'this,': 2, 'honestly': 2, 'out': 2, 'into': 2, 'he': 2, 'thinking': 2, 'since': 2, 'knew': 2, 'what': 2, 'helping': 2, 'crazy': 2, 'years': 2, 'brother': 2, 'do': 2, 'young': 2, 'he&#39;s': 2, 'truly': 2, 'make': 2, 'Thanks': 2, 'CORPSE,': 2, 'hope': 2, 'more': 2, 'amazing.': 2, 'completely': 2, 'genre': 2, 'producing': 2, 'ele': 2, 'que': 2, 'had': 2, 'things': 2, 'after': 2, 'emotions': 2, 'listening': 2, 'proud': 2, 'you,': 2, 'singing': 2, 'high': 2, 'happy': 2, 'care': 2, 'did': 3, 'CORPSE': 3, 'doing': 3, 'different': 3, 'ver': 3, 'voz': 3, 'pictures<br>So': 3, 'there': 3, 'talent': 3, 'man': 3, 'way': 3, 'been': 3, 'can&#39;t': 3, 'some': 3, 'felt': 3, 'kind': 3, 'find': 3, 'feels': 3, 'it&#39;s': 3, 'literally': 3, 'when': 3, 'many': 3, 'artists': 3, 'beautiful.': 3, 'It&#39;s': 3, 'bad': 3, 'hits': 3, 'another': 3, 'banger': 3, 'Iâ€™m': 3, 'absolutely': 3, 'beautiful': 3, 'am': 3, 'by': 3, 'being': 3, 'special': 3, 'good': 3, 'muito': 3, 'only': 3, 'still': 3, 'de': 4, 'chamber<br>I': 4, 'I&#39;ll': 4, 'think': 4, 'too': 4, 'under': 4, 'us': 4, 'Corpse,': 4, 'I&#39;m': 4, 'don&#39;t': 4, 'you&#39;re': 4, 'something': 4, 'an': 4, 'lyrics': 4, 'new': 4, 'hear': 4, 'have': 4, 'from': 4, 'You': 4, 'amazing': 4, 'songs': 4, 'about': 4, 'thank': 4, 'A': 5, 'going': 5, 'not': 5, 'who': 5, 'The': 5, 'know': 5, 'how': 5, 'through': 5, 'can': 6, 'got': 6, 'feeling': 6, 'Corpse': 6, 'feel': 6, 'but': 6, 'we': 6, 'such': 6, 'was': 6, 'him': 6, 'much': 6, 'on': 7, 'all': 7, 'be': 7, 'always': 8, 'see': 8, 'his': 8, 'are': 8, 'range': 8, 'it': 9, 'like': 9, 'music': 9, 'really': 9, 'with': 9, 'just': 11, 'love': 12, 'my': 13, 'me': 14, 'keep': 15, 'song': 15, 'voice': 15, 'that': 16, 'for': 16, 'your': 17, 'one': 19, 'so': 23, 'is': 24, 'in': 26, 'of': 27, 'the': 28, 'I': 29, 'a': 31, 'this': 34, 'and': 36, 'to': 41, 'you': 43}",https://i.ytimg.com/vi/euwRr7Ezi5o/default.jpg,Music,no tag,2023-02-03T05:01:18Z,"made some stuff during the storms
https://corpse.gloomybearstore.com/
Spotify:  https://open.spotify.com/track/3PYFSGwWNZWnQpiuGke2J9?si=fd1104e270354262

visuals: adeci
prod. towerz, Hanz

other vocals: Erica Lindbeck

towerz:
https://open.spotify.com/artist/1bbah9s09626gweOzzLbKG?si=OdP19O8iRcuYN8ONNn6sMA
https://www.instagram.com/towerzmusic/

 Hanz:
https://open.spotify.com/artist/1eL4DVwObeAZjGOVjASAXd
https://www.instagram.com/hanzbeats/","['#354240', '#070709', '#17201b', '#1d2225', '#141c24']","['dark', 'dark', 'dark', 'dark', 'dark']",none,"{'ğ˜¶': 1, 'ğ˜¯': 1, 'ğ˜¥': 1, 'ğ˜¦': 4, 'ğ˜³': 2, ' ': 2, 'ğ˜µ': 2, 'ğ˜©': 2, 'ğ˜¸': 1, 'ğ˜¢': 1}",0,0.0%,0,0
